,contractor_id,true_fatality,fatality_19_pred
0,16168,0,0
1,18109,0,0
2,16579,0,0
3,10566,0,0
4,13499,0,0
5,968,0,0
6,14081,0,0
7,18462,0,0
8,213,0,0
9,19139,0,0
10,18130,0,0
11,17581,0,0
12,15682,0,0
13,19947,0,0
14,7038,0,0
15,16778,0,0
16,20336,0,0
17,21666,0,0
18,15878,0,0
19,6868,0,0
20,10521,0,0
21,14772,0,0
22,16063,0,0
23,16885,0,0
24,20557,0,0
25,17469,0,0
26,18305,0,0
27,15457,0,0
28,17143,0,0
29,18975,0,0
30,19356,0,0
31,5666,0,0
32,8375,0,0
33,17094,0,0
34,15301,0,0
35,17673,0,0
36,20466,0,0
37,18065,0,0
38,16588,0,0
39,19000,1,0
40,4110,0,0
41,21048,0,0
42,7524,0,0
43,20472,0,0
44,15925,0,0
45,12314,0,0
46,19230,0,0
47,5408,0,0
48,19239,0,0
49,20058,0,0
50,14825,0,0
51,19987,0,0
52,17497,0,0
53,11089,0,0
54,20250,0,0
55,20326,0,0
56,16425,0,0
57,17684,0,0
58,17558,0,0
59,19950,0,0
60,9376,0,0
61,19563,0,0
62,17661,0,0
63,17022,0,0
64,1623,0,0
65,10969,0,0
66,16786,0,0
67,11436,0,0
68,19519,0,0
69,16458,0,0
70,345,0,0
71,4649,0,0
72,17909,0,0
73,405,0,0
74,3807,0,0
75,7656,0,0
76,21831,0,0
77,7331,0,1
78,16179,0,0
79,5654,0,0
80,4364,0,0
81,14283,0,0
82,6877,0,0
83,20534,0,0
84,19732,0,0
85,3129,0,0
86,15753,0,0
87,14551,0,0
88,18944,0,0
89,20249,0,0
90,15642,0,0
91,16757,0,0
92,15245,0,1
93,13148,0,0
94,17405,0,0
95,3050,0,0
96,18375,0,0
97,10886,0,0
98,13270,0,0
99,17838,0,0
100,10794,0,0
101,6794,0,0
102,818,0,0
103,3025,0,0
104,16121,0,0
105,10352,0,0
106,960,0,0
107,12027,0,0
108,8212,0,0
109,17033,0,0
110,19404,0,0
111,17346,0,0
112,13247,0,0
113,17136,0,0
114,14440,0,0
115,11234,0,0
116,6661,0,0
117,8297,0,0
118,16423,0,0
119,12266,0,0
120,9953,0,0
121,21162,0,0
122,18775,0,0
123,4933,0,0
124,3518,0,0
125,18848,0,0
126,20623,0,0
127,277,0,0
128,13817,0,0
129,4234,0,0
130,21430,0,0
131,1812,0,0
132,21931,0,0
133,11496,0,0
134,17041,0,0
135,94,0,0
136,2064,0,0
137,14402,0,0
138,18101,0,0
139,7700,0,0
140,15284,0,0
141,20572,0,0
142,2114,0,0
143,19800,0,0
144,21467,0,0
145,17591,0,0
146,7536,0,0
147,18155,0,0
148,3001,0,0
149,20360,0,0
150,3044,0,0
151,2348,0,0
152,20982,0,0
153,16985,0,0
154,18179,0,0
155,16841,0,0
156,21213,0,0
157,20553,0,0
158,17847,0,0
159,19213,0,0
160,2455,0,0
161,10743,0,0
162,7946,0,0
163,20362,0,0
164,623,0,0
165,16819,0,0
166,13708,0,0
167,3679,0,0
168,11872,0,0
169,17559,0,0
170,12324,0,0
171,14866,0,0
172,14161,0,0
173,469,0,0
174,16822,0,0
175,16315,0,0
176,13798,0,0
177,6953,0,0
178,20391,0,0
179,15394,0,0
180,8567,0,0
181,17092,0,0
182,20962,0,0
183,3638,0,0
184,17133,0,0
185,18818,0,0
186,7642,0,0
187,18248,0,0
188,19317,0,0
189,5011,0,0
190,20445,0,0
191,5410,0,0
192,13425,0,0
193,6619,0,0
194,19858,0,0
195,16867,0,0
196,4640,0,0
197,9073,0,0
198,14012,0,0
199,6878,0,0
200,5239,0,0
201,12828,0,0
202,13767,0,0
203,16180,0,0
204,6253,0,0
205,19102,0,0
206,5316,0,0
207,13662,0,0
208,6208,0,0
209,16138,0,0
210,4361,0,0
211,21915,0,0
212,13585,0,0
213,65,0,0
214,13369,0,0
215,7092,0,0
216,4486,0,0
217,15870,0,0
218,21797,0,0
219,18294,0,0
220,14087,0,0
221,20629,0,0
222,122,0,0
223,8370,1,0
224,14558,0,0
225,254,0,0
226,17004,0,0
227,10386,0,0
228,18834,0,0
229,11346,0,0
230,20447,0,0
231,20430,0,0
232,19461,0,0
233,18664,0,0
234,16731,0,0
235,15070,0,0
236,12493,0,0
237,2164,0,0
238,5399,0,0
239,21663,0,0
240,15759,0,0
241,15468,0,0
242,17778,0,0
243,16726,0,0
244,15212,0,0
245,20922,0,0
246,19660,0,0
247,14956,0,0
248,15827,0,0
249,21782,0,0
250,21651,0,0
251,13921,0,0
252,14752,0,0
253,12119,0,0
254,20031,0,0
255,19335,0,0
256,1977,0,0
257,11739,0,0
258,16805,0,0
259,20783,0,0
260,29,0,0
261,14639,0,0
262,17235,0,0
263,9492,0,0
264,10143,0,0
265,21045,0,0
266,21475,0,0
267,10889,0,0
268,15069,0,0
269,751,0,0
270,3399,0,0
271,17379,0,0
272,14216,0,0
273,5479,0,0
274,7035,0,0
275,18099,0,0
276,21004,0,0
277,19745,0,0
278,16884,0,0
279,17600,0,0
280,71,0,0
281,20923,0,0
282,8432,0,0
283,10482,0,0
284,3665,0,0
285,15593,0,0
286,18697,0,0
287,15894,0,0
288,19997,0,0
289,11154,0,0
290,12067,0,0
291,12462,0,0
292,2343,0,0
293,2672,0,0
294,15801,0,0
295,16338,0,0
296,17663,0,0
297,8428,0,0
298,21449,0,0
299,7463,0,0
300,9472,0,0
301,11622,0,0
302,14964,0,0
303,16870,0,0
304,16238,0,0
305,19901,0,0
306,17704,0,0
307,10525,0,0
308,17587,0,0
309,17468,0,0
310,20847,0,0
311,6336,0,0
312,11427,0,0
313,16365,0,0
314,20251,0,0
315,615,0,0
316,17203,0,0
317,6003,0,0
318,3767,0,0
319,20121,0,0
320,11200,0,0
321,13677,0,0
322,10579,0,0
323,9269,0,0
324,15001,0,0
325,21499,0,0
326,9484,0,0
327,8989,0,0
328,1261,0,0
329,11288,0,0
330,3113,0,0
331,17053,0,0
332,15049,0,0
333,12997,0,0
334,14496,0,0
335,20639,0,0
336,16354,0,0
337,12786,0,0
338,13016,0,0
339,1327,0,0
340,5632,0,0
341,3309,0,0
342,168,0,0
343,14870,0,0
344,16151,0,0
345,17328,0,0
346,18509,0,0
347,19390,0,0
348,8461,0,0
349,16814,0,0
350,17173,0,0
351,15263,0,0
352,3621,0,0
353,13069,0,0
354,18604,0,0
355,17299,0,0
356,9397,0,0
357,20018,0,0
358,15741,0,0
359,5867,0,0
360,2009,0,0
361,19577,0,0
362,12481,0,0
363,19212,0,0
364,7585,0,0
365,20764,0,0
366,8646,0,0
367,4210,0,0
368,2327,0,0
369,14637,0,0
370,5569,0,0
371,492,0,0
372,17945,0,0
373,4308,0,0
374,15705,0,0
375,7687,1,0
376,21563,0,0
377,20132,0,0
378,16986,0,0
379,19115,0,0
380,18178,0,0
381,15492,0,0
382,20647,0,0
383,18301,0,0
384,19411,0,0
385,8962,0,0
386,19487,0,0
387,19859,0,0
388,5167,0,0
389,21055,0,0
390,10980,0,0
391,4208,0,0
392,19413,0,0
393,16308,0,0
394,15931,0,0
395,9135,0,0
396,18719,0,0
397,5379,0,0
398,20,0,0
399,3425,0,0
400,16515,0,0
401,15466,0,0
402,16352,0,0
403,16898,0,0
404,1927,0,0
405,18080,0,0
406,14487,0,0
407,16978,0,0
408,19971,0,0
409,21944,0,0
410,3868,0,0
411,1341,0,0
412,10869,0,0
413,11931,0,0
414,4972,0,0
415,10909,0,0
416,1375,0,0
417,18596,0,0
418,5221,0,0
419,12144,0,0
420,13782,0,0
421,20661,0,0
422,15331,0,0
423,3936,0,0
424,10039,0,0
425,15473,0,0
426,2893,0,0
427,4847,0,0
428,19476,0,0
429,13419,0,0
430,19844,0,0
431,14475,0,0
432,14633,0,0
433,34,0,0
434,1922,0,0
435,12999,0,0
436,3860,0,0
437,4023,0,0
438,21791,0,0
439,14129,0,0
440,17064,0,0
441,15088,0,0
442,16602,0,0
443,19920,0,0
444,15511,0,0
445,20953,0,0
446,16479,0,0
447,15458,0,0
448,18071,0,0
449,18693,0,0
450,20369,0,0
451,18226,0,0
452,9662,0,0
453,13583,0,0
454,14867,0,0
455,72,0,0
456,14549,0,0
457,8270,0,0
458,11674,0,0
459,11308,0,0
460,8511,0,0
461,16880,0,0
462,17868,0,0
463,11166,0,0
464,15531,0,0
465,15290,0,0
466,7927,0,0
467,19429,0,0
468,18150,0,0
469,4139,0,0
470,18098,0,0
471,15889,0,0
472,41,0,0
473,19258,0,0
474,16067,0,0
475,9630,0,0
476,17330,0,0
477,12489,0,0
478,17837,0,0
479,13387,0,0
480,19972,0,0
481,18711,0,0
482,5480,0,0
483,15724,0,0
484,19446,0,0
485,18978,0,0
486,19344,0,0
487,120,0,0
488,15718,0,0
489,19058,0,0
490,7897,0,0
491,21181,0,0
492,17407,0,0
493,20801,0,0
494,17101,0,0
495,3543,0,0
496,12502,0,0
497,13257,0,0
498,14808,0,0
499,17093,0,0
500,11910,0,0
501,14978,0,0
502,2750,0,0
503,20746,0,0
504,11125,0,0
505,21438,2,2
506,19790,0,0
507,3302,0,0
508,16894,0,0
509,7445,0,0
510,5292,0,0
511,16293,0,0
512,15378,0,0
513,15900,0,0
514,11852,0,0
515,16813,0,0
516,10882,0,0
517,10370,0,0
518,5771,0,0
519,21548,0,0
520,20041,0,0
521,5545,0,0
522,4417,0,0
523,15755,0,0
524,11038,0,0
525,15564,0,0
526,5008,0,0
527,15597,0,0
528,18668,0,0
529,19715,0,0
530,15985,0,0
531,16756,0,0
532,20297,0,0
533,2258,0,0
534,5530,0,0
535,4231,0,0
536,9170,0,0
537,860,0,0
538,6887,0,0
539,10647,0,0
540,15369,0,0
541,20977,0,0
542,2604,0,0
543,6855,0,0
544,14877,0,0
545,1861,0,0
546,14721,0,0
547,19667,0,0
548,13616,0,0
549,19899,0,0
550,17169,0,0
551,3371,0,0
552,20990,0,0
553,14932,0,0
554,11589,0,0
555,12236,0,0
556,11100,0,0
557,14479,0,0
558,16592,0,0
559,4788,0,0
560,6294,0,0
561,16070,0,0
562,14848,0,0
563,20897,0,0
564,6225,0,0
565,7101,0,0
566,21919,0,0
567,19175,0,0
568,16544,0,0
569,10754,0,0
570,4593,0,0
571,21092,0,0
572,15641,0,0
573,13085,0,0
574,5314,0,0
575,18700,0,0
576,18707,0,1
577,20023,0,0
578,13502,0,0
579,21059,0,0
580,16250,0,0
581,20352,0,0
582,14900,0,0
583,21669,0,0
584,8544,0,0
585,6432,0,0
586,20140,0,0
587,11838,0,0
588,7933,0,0
589,6430,0,0
590,12893,0,0
591,7166,0,0
592,5606,0,0
593,10075,0,0
594,16116,0,0
595,21306,0,0
596,10702,0,0
597,17857,0,0
598,21103,0,0
599,96,0,0
600,809,0,0
601,18896,0,0
602,4501,0,0
603,11121,0,0
604,18271,0,0
605,18841,0,0
606,18387,0,0
607,10333,0,0
608,17279,0,0
609,15618,0,0
610,15782,0,0
611,11605,0,0
612,11529,0,0
613,14404,0,0
614,16000,0,0
615,19479,0,0
616,12034,0,0
617,16343,0,0
618,13760,0,0
619,9597,0,0
620,21316,0,0
621,55,0,0
622,10331,0,0
623,1209,0,0
624,6238,0,1
625,2683,0,0
626,3172,0,0
627,51,0,0
628,15455,0,0
629,20920,0,0
630,2894,0,0
631,14636,0,0
632,17626,0,0
633,17266,0,0
634,17870,0,0
635,19311,0,0
636,13924,0,0
637,18941,0,0
638,21390,0,0
639,5034,0,0
640,19493,0,0
641,20614,0,0
642,6762,0,0
643,19896,0,0
644,16949,0,0
645,20599,0,0
646,16538,0,0
647,19034,0,0
648,7515,0,0
649,10895,0,0
650,1893,0,0
651,18598,0,0
652,20816,0,0
653,20411,0,0
654,21319,0,0
655,18843,0,0
656,2454,0,0
657,17571,0,0
658,20740,0,0
659,11441,0,0
660,20315,0,0
661,20735,0,0
662,21897,0,0
663,13279,0,0
664,534,0,0
665,20062,0,0
666,4150,0,0
667,21426,0,0
668,21283,0,0
669,13552,0,0
670,17951,0,0
671,16061,0,0
672,5452,0,0
673,18256,0,0
674,4565,0,0
675,18156,0,0
676,3473,0,0
677,2583,0,0
678,19423,0,0
679,733,0,0
680,15794,0,0
681,4938,0,0
682,13986,0,0
683,11392,0,0
684,20612,0,0
685,16995,0,0
686,21551,0,0
687,2358,0,0
688,9528,0,0
689,18293,0,0
690,14838,0,0
691,14601,0,0
692,17552,0,0
693,18571,0,0
694,14898,0,0
695,9172,0,0
696,15337,0,0
697,16967,0,0
698,12897,0,0
699,11890,0,0
700,16519,0,0
701,19619,0,0
702,18419,0,0
703,14650,0,0
704,16738,0,0
705,15014,0,0
706,897,0,0
707,18531,0,0
708,15726,0,0
709,13064,0,0
710,3978,0,0
711,16507,0,0
712,14397,0,0
713,1202,0,0
714,16648,0,0
715,18579,0,0
716,16005,0,0
717,16019,0,0
718,15381,1,0
719,2421,0,0
720,14148,0,0
721,12811,0,0
722,11320,0,0
723,12785,0,0
724,12808,0,0
725,3059,0,0
726,17781,0,0
727,7922,0,0
728,851,0,0
729,16107,0,0
730,3038,0,0
731,11228,0,0
732,7545,0,0
733,14880,0,0
734,20342,0,0
735,16396,0,0
736,397,0,0
737,3687,0,0
738,16023,0,0
739,18560,0,0
740,10514,0,0
741,18142,0,0
742,686,0,0
743,12530,0,0
744,17644,0,0
745,21166,0,0
746,17046,0,0
747,20745,0,0
748,16400,0,0
749,5061,0,0
750,12882,0,0
751,5684,0,0
752,20422,0,0
753,2799,0,0
754,15265,0,0
755,13756,0,0
756,20911,0,0
757,20501,0,0
758,19030,0,0
759,8299,0,0
760,5252,0,0
761,17986,0,0
762,12591,0,0
763,17881,0,0
764,11454,0,0
765,15400,0,0
766,20032,0,0
767,2688,0,0
768,20503,0,0
769,17090,0,0
770,10167,0,0
771,10221,0,0
772,17027,0,0
773,18522,0,0
774,15300,0,0
775,1933,0,0
776,10903,0,0
777,16782,0,0
778,5420,0,0
779,6160,0,0
780,12292,0,0
781,12849,0,0
782,10855,0,0
783,5276,0,0
784,2706,0,0
785,14417,0,0
786,7566,0,0
787,11412,0,0
788,11935,0,0
789,20604,0,0
790,4539,0,0
791,16045,0,0
792,11257,0,0
793,17572,0,0
794,17972,0,0
795,20064,0,0
796,14505,0,0
797,135,0,0
798,13619,0,0
799,14886,0,0
800,18327,0,0
801,21313,0,0
802,5973,0,0
803,21454,0,0
804,16097,0,0
805,3993,0,0
806,16760,0,0
807,20889,0,0
808,10243,0,0
809,12225,0,0
810,18934,0,0
811,6285,0,0
812,16486,0,0
813,5809,0,0
814,2187,0,0
815,4328,0,0
816,15872,0,0
817,15426,0,0
818,10656,0,0
819,16554,0,0
820,8215,0,0
821,17091,0,0
822,16868,0,0
823,18720,0,0
824,7670,0,0
825,17481,0,0
826,3609,0,0
827,20718,0,0
828,11205,0,0
829,1131,0,0
830,14204,0,0
831,19189,0,0
832,17253,0,0
833,20242,0,0
834,18023,0,0
835,2098,0,0
836,15952,0,0
837,11659,0,0
838,20402,0,0
839,2398,0,0
840,5071,0,0
841,17803,0,0
842,18904,0,0
843,15830,0,0
844,15563,0,0
845,13855,0,0
846,18241,0,0
847,10795,0,0
848,18602,0,0
849,18352,0,0
850,18917,0,0
851,12145,0,0
852,16556,0,0
853,18517,0,0
854,17170,0,0
855,21930,0,0
856,828,0,0
857,10701,0,0
858,17725,0,0
859,7783,0,0
860,9435,0,0
861,314,0,0
862,13961,0,0
863,14785,0,0
864,13608,0,0
865,20484,0,0
866,16212,0,0
867,406,0,0
868,7539,0,0
869,7965,0,0
870,16143,0,0
871,15646,0,0
872,16398,0,0
873,16888,0,0
874,20309,0,0
875,21520,0,0
876,19065,1,0
877,2102,0,0
878,3696,0,0
879,16999,0,0
880,15820,0,0
881,18703,0,0
882,19145,0,0
883,13902,0,0
884,14454,0,0
885,14645,0,0
886,3747,0,0
887,14268,0,0
888,11722,0,0
889,1098,0,0
890,18819,0,0
891,21452,0,0
892,18772,0,0
893,5823,0,0
894,2017,0,0
895,19934,0,0
896,14598,1,0
897,1048,0,0
898,10844,0,0
899,14777,0,0
900,6063,0,0
901,15744,0,0
902,7448,0,0
903,16076,0,0
904,1140,0,0
905,19879,0,0
906,3803,0,0
907,15745,0,0
908,14816,0,0
909,14044,0,0
910,18224,0,0
911,17277,0,0
912,996,0,0
913,4166,0,0
914,15240,0,0
915,166,0,0
916,1560,0,0
917,21087,0,0
918,17545,0,0
919,19062,0,0
920,18341,0,0
921,19652,0,0
922,15519,0,0
923,16106,0,0
924,6558,0,0
925,10194,0,0
926,4085,0,0
927,20068,0,0
928,14581,0,0
929,12768,0,0
930,14591,0,0
931,14110,0,0
932,18667,0,0
933,1492,0,0
934,18272,0,0
935,20408,0,0
936,17305,0,0
937,4482,0,0
938,10411,0,0
939,11132,0,0
940,4087,0,0
941,20485,0,0
942,4137,0,0
943,14290,0,0
944,14084,0,0
945,4458,0,0
946,17375,1,0
947,8013,0,0
948,8499,0,0
949,13343,0,0
950,16016,0,0
951,20601,0,0
952,9949,0,0
953,15575,0,0
954,17933,1,0
955,15868,0,0
956,608,0,0
957,1314,0,0
958,19838,1,2
959,3035,0,0
960,12726,0,0
961,11843,0,0
962,3722,0,0
963,20778,0,0
964,10181,0,0
965,18847,0,0
966,10940,0,0
967,18549,0,0
968,10197,0,0
969,11169,0,0
970,18836,0,0
971,13655,0,0
972,10123,0,0
973,14989,0,0
974,18467,0,0
975,7801,0,0
976,17262,0,0
977,5687,0,0
978,4502,0,0
979,356,0,0
980,16708,0,0
981,20478,0,0
982,6297,0,0
983,14550,0,0
984,3255,0,0
985,15819,0,0
986,18421,0,0
987,10553,0,0
988,4304,0,0
989,20619,0,0
990,16060,0,0
991,6944,0,0
992,14903,0,0
993,11232,0,0
994,14694,0,0
995,19298,0,0
996,4944,0,0
997,6070,0,0
998,21271,0,0
999,18857,0,0
1000,21224,0,0
1001,12353,0,0
1002,20243,0,0
1003,2206,0,0
1004,16441,0,0
1005,8548,0,0
1006,16652,0,0
1007,4581,0,0
1008,20848,0,0
1009,18922,0,0
1010,19866,0,0
1011,19029,0,0
1012,16526,0,0
1013,6580,0,0
1014,21077,0,0
1015,17256,0,0
1016,21294,0,0
1017,2043,0,0
1018,1838,0,0
1019,11979,0,0
1020,4444,0,0
1021,7800,0,0
1022,13275,0,0
1023,2730,0,0
1024,10808,0,0
1025,17419,0,0
1026,20858,0,0
1027,14892,0,0
1028,20608,0,0
1029,215,0,0
1030,20937,0,0
1031,20318,0,0
1032,18436,0,0
1033,5595,0,0
1034,7473,0,0
1035,17484,0,0
1036,14221,0,0
1037,3144,0,0
1038,4510,0,0
1039,18907,0,0
1040,3556,0,0
1041,17061,0,0
1042,5942,0,0
1043,10511,0,0
1044,15292,0,0
1045,2810,0,0
1046,11745,0,0
1047,18457,0,0
1048,10497,0,0
1049,6560,0,0
1050,8433,0,0
1051,14845,0,0
1052,164,0,0
1053,16164,0,0
1054,13434,0,0
1055,18172,0,0
1056,15709,0,0
1057,11518,0,0
1058,16182,0,0
1059,8592,0,0
1060,16700,0,0
1061,6415,0,0
1062,8772,0,0
1063,19999,0,0
1064,5060,0,0
1065,4037,0,0
1066,9302,0,0
1067,2818,0,0
1068,21291,0,0
1069,14303,0,0
1070,10540,0,0
1071,16830,0,0
1072,8139,0,0
1073,5214,0,0
1074,14349,0,0
1075,12238,0,0
1076,13172,0,0
1077,13672,0,0
1078,12094,0,0
1079,776,0,0
1080,19552,0,0
1081,9439,0,0
1082,11258,0,0
1083,19818,0,0
1084,16376,0,0
1085,17208,0,0
1086,18482,0,0
1087,10913,0,0
1088,14572,0,0
1089,17992,0,0
1090,11957,0,0
1091,17635,0,0
1092,17617,0,0
1093,19604,0,0
1094,14143,0,0
1095,18492,0,0
1096,11401,0,0
1097,17931,0,0
1098,16835,0,0
1099,19140,0,0
1100,17047,0,0
1101,18685,0,0
1102,20429,0,0
1103,18732,0,0
1104,13620,0,0
1105,21485,0,0
1106,20719,0,0
1107,19749,0,0
1108,6723,0,0
1109,15560,0,0
1110,7554,0,0
1111,208,0,0
1112,15063,0,0
1113,15346,0,0
1114,7420,0,0
1115,7503,0,0
1116,5593,0,0
1117,9479,0,0
1118,16705,0,0
1119,13551,0,0
1120,19688,0,0
1121,11710,0,0
1122,17329,0,0
1123,17953,0,0
1124,16244,0,0
1125,18942,0,0
1126,11725,0,0
1127,16838,0,0
1128,16042,0,0
1129,13159,0,0
1130,15752,0,0
1131,19671,0,0
1132,2998,0,0
1133,2566,0,0
1134,6213,0,0
1135,15222,0,0
1136,9766,0,0
1137,5836,0,0
1138,3522,0,0
1139,18183,0,0
1140,19811,0,0
1141,14116,0,0
1142,11451,0,0
1143,17824,0,0
1144,13060,0,0
1145,13758,0,0
1146,170,0,0
1147,668,0,0
1148,13970,0,0
1149,415,0,0
1150,17388,0,0
1151,1336,0,0
1152,14211,0,0
1153,2933,0,0
1154,10161,0,0
1155,3474,0,0
1156,1752,0,1
1157,17309,0,0
1158,18298,0,0
1159,20144,2000,0
1160,14787,0,0
1161,19070,0,0
1162,1196,0,0
1163,1784,0,0
1164,15204,0,0
1165,21226,0,0
1166,10713,0,0
1167,4259,0,0
1168,15817,0,0
1169,17296,0,0
1170,14090,0,0
1171,16394,1,0
1172,14472,0,0
1173,313,0,0
1174,18115,0,0
1175,20823,0,0
1176,17583,0,0
1177,16157,0,0
1178,3170,0,0
1179,16235,0,0
1180,18053,0,0
1181,8819,0,0
1182,15589,0,0
1183,14310,0,0
1184,20686,0,0
1185,10209,0,0
1186,18974,0,0
1187,1029,0,0
1188,20914,0,0
1189,2085,0,0
1190,14002,0,0
1191,16567,0,0
1192,16411,0,0
1193,3005,0,0
1194,21674,0,0
1195,18854,0,0
1196,21904,0,0
1197,10090,0,0
1198,19434,0,0
1199,8660,0,0
1200,5767,0,0
1201,15498,0,0
1202,2569,0,0
1203,1796,0,0
1204,18303,0,0
1205,687,0,0
1206,2635,0,0
1207,15163,0,0
1208,185,0,0
1209,20578,0,0
1210,15521,0,0
1211,17584,0,0
1212,17564,0,0
1213,14540,0,0
1214,12137,0,0
1215,14053,0,0
1216,17790,0,0
1217,18317,0,0
1218,18986,0,0
1219,1355,0,0
1220,230,0,0
1221,17699,0,0
1222,12819,0,0
1223,16342,0,0
1224,15608,0,0
1225,10740,0,0
1226,21149,0,0
1227,21050,0,0
1228,15137,0,0
1229,20319,0,0
1230,5959,0,0
1231,20819,0,0
1232,7763,0,0
1233,3855,0,0
1234,3656,0,0
1235,16356,0,0
1236,20161,0,0
1237,12183,0,0
1238,16171,0,0
1239,19891,0,0
1240,16408,0,0
1241,11390,0,0
1242,12945,0,0
1243,18619,0,0
1244,4927,1,0
1245,12371,0,0
1246,11981,0,0
1247,3015,0,0
1248,16272,0,0
1249,16064,0,0
1250,2181,0,0
1251,14194,0,0
1252,19505,0,0
1253,6667,0,0
1254,20950,0,0
1255,17430,0,0
1256,20635,0,0
1257,16968,0,0
1258,17120,0,0
1259,21667,0,0
1260,2458,0,0
1261,18176,0,0
1262,18513,0,0
1263,17554,0,0
1264,16006,0,0
1265,844,0,0
1266,18208,0,0
1267,20610,0,0
1268,2643,0,0
1269,11824,0,0
1270,16881,0,0
1271,19597,0,0
1272,21309,0,0
1273,1556,0,0
1274,4792,0,0
1275,16084,0,0
1276,16864,0,0
1277,15173,0,0
1278,14217,0,0
1279,5228,0,0
1280,15383,0,0
1281,8587,0,0
1282,17058,0,0
1283,19333,0,0
1284,13932,0,0
1285,19362,0,0
1286,10672,0,0
1287,19930,0,1
1288,8594,0,0
1289,6926,0,0
1290,19900,0,0
1291,8741,0,0
1292,17354,0,0
1293,16490,0,0
1294,20983,0,0
1295,20644,0,0
1296,12195,0,0
1297,1932,0,0
1298,536,0,0
1299,18610,0,0
1300,17378,0,0
1301,21349,0,0
1302,74,0,0
1303,1028,0,0
1304,14262,0,0
1305,11944,0,0
1306,11973,0,0
1307,17016,0,0
1308,15840,0,0
1309,21486,0,0
1310,4544,0,0
1311,20087,0,0
1312,3961,0,0
1313,17416,0,0
1314,6503,0,0
1315,14164,0,0
1316,3342,0,0
1317,17763,0,0
1318,14433,0,0
1319,20216,0,0
1320,10898,0,0
1321,13774,0,0
1322,13795,0,0
1323,5474,0,0
1324,17493,0,0
1325,17708,0,0
1326,20666,0,0
1327,3702,0,0
1328,10984,0,0
1329,21936,0,0
1330,16749,0,0
1331,8881,0,0
1332,17104,0,0
1333,20076,0,0
1334,4503,0,0
1335,16541,0,0
1336,5645,0,0
1337,3616,0,0
1338,17340,0,0
1339,21169,0,0
1340,19571,0,0
1341,9904,0,0
1342,20750,0,0
1343,7988,0,0
1344,16233,0,0
1345,8199,0,0
1346,30,0,0
1347,20878,0,0
1348,12460,0,0
1349,21552,0,0
1350,15551,0,0
1351,5913,0,0
1352,15776,0,0
1353,17536,0,0
1354,7020,0,0
1355,19081,0,0
1356,17595,0,0
1357,16276,0,0
1358,18418,0,0
1359,18345,0,0
1360,17727,0,0
1361,20082,0,0
1362,17952,0,0
1363,12917,0,0
1364,19424,0,0
1365,15928,0,0
1366,18562,0,0
1367,11833,0,0
1368,15512,0,0
1369,6515,0,0
1370,7261,0,0
1371,9347,0,0
1372,8924,0,0
1373,18289,0,0
1374,16119,0,0
1375,19651,0,0
1376,5082,0,0
1377,8354,0,0
1378,2509,0,0
1379,16987,0,0
1380,578,0,0
1381,7406,0,0
1382,2682,0,0
1383,18027,0,0
1384,15379,0,0
1385,15045,0,0
1386,19398,0,0
1387,13649,0,0
1388,17582,0,0
1389,14519,0,0
1390,1117,0,0
1391,21644,0,0
1392,21839,0,0
1393,5135,0,0
1394,14071,0,0
1395,16287,0,0
1396,21330,0,0
1397,6010,0,0
1398,7452,0,0
1399,20985,0,0
1400,13735,0,0
1401,15502,0,0
1402,21916,0,0
1403,10418,0,0
1404,8435,0,0
1405,191,0,0
1406,10070,0,0
1407,5537,0,0
1408,16281,0,0
1409,3721,0,0
1410,272,0,0
1411,21493,0,0
1412,12671,0,0
1413,244,0,0
1414,10846,0,0
1415,18429,0,0
1416,11445,0,1
1417,16587,0,0
1418,18309,0,0
1419,16167,0,0
1420,823,0,0
1421,12973,0,0
1422,11794,0,0
1423,19036,0,0
1424,18899,0,0
1425,14952,0,0
1426,8692,0,0
1427,17608,0,0
1428,2166,0,0
1429,15177,0,0
1430,3313,0,0
1431,12412,0,0
1432,16185,0,0
1433,17762,0,0
1434,5346,0,0
1435,17347,0,0
1436,16500,0,0
1437,19474,0,0
1438,17671,0,0
1439,17616,0,0
1440,10990,0,0
1441,16893,0,0
1442,11199,0,0
1443,16698,0,0
1444,14849,0,0
1445,14095,0,0
1446,16631,0,0
1447,281,0,0
1448,20523,0,0
1449,7899,0,0
1450,13300,0,0
1451,3728,0,0
1452,18886,0,0
1453,9103,0,0
1454,18653,0,0
1455,14355,0,0
1456,15994,0,0
1457,19498,0,0
1458,8885,0,0
1459,11724,0,0
1460,17261,0,0
1461,17281,0,0
1462,3353,0,0
1463,5040,0,0
1464,19267,0,0
1465,19471,0,0
1466,8508,0,0
1467,6582,0,0
1468,17942,0,0
1469,14770,0,0
1470,20285,0,0
1471,18595,0,0
1472,3520,0,0
1473,14242,0,0
1474,20061,0,0
1475,17175,0,0
1476,14527,0,0
1477,5138,0,0
1478,17142,0,0
1479,13720,0,0
1480,11841,0,0
1481,10199,0,0
1482,16323,0,0
1483,3238,0,0
1484,16304,0,0
1485,4685,0,0
1486,14342,0,0
1487,5273,0,0
1488,20419,0,0
1489,9365,0,0
1490,17594,0,0
1491,15406,1,0
1492,3329,0,0
1493,8350,0,0
1494,15009,0,0
1495,16224,0,0
1496,21051,0,0
1497,11074,0,0
1498,12485,0,0
1499,14350,0,0
1500,18112,0,0
1501,16710,0,0
1502,20607,0,0
1503,17676,0,0
1504,20418,0,0
1505,17871,0,0
1506,2767,0,0
1507,5674,0,0
1508,10455,0,0
1509,17394,0,0
1510,17640,0,0
1511,21021,0,0
1512,14668,0,0
1513,489,0,0
1514,19560,0,0
1515,10400,0,0
1516,8637,0,0
1517,20073,0,0
1518,6338,0,0
1519,15427,0,0
1520,14879,0,0
1521,21422,0,0
1522,18859,0,0
1523,12630,0,0
1524,20662,0,0
1525,6550,0,0
1526,20178,0,0
1527,11394,0,0
1528,19399,0,0
1529,13163,0,0
1530,11594,0,0
1531,20091,0,0
1532,17160,0,1
1533,11876,0,0
1534,14710,0,0
1535,16670,0,0
1536,14724,0,0
1537,5688,0,0
1538,14253,0,0
1539,17194,0,0
1540,106,0,0
1541,10781,0,0
1542,17148,0,0
1543,17548,0,0
1544,15917,0,0
1545,20996,0,0
1546,2310,0,0
1547,17922,0,0
1548,19177,0,0
1549,18757,1,0
1550,19370,0,0
1551,18588,0,0
1552,13544,0,0
1553,137,0,0
1554,16982,0,0
1555,14341,0,0
1556,334,0,0
1557,15873,0,0
1558,17646,0,0
1559,16859,0,0
1560,173,0,0
1561,20506,0,0
1562,3250,0,0
1563,4864,0,0
1564,7919,0,0
1565,3132,0,0
1566,14485,0,0
1567,18368,0,0
1568,21284,0,0
1569,3644,0,0
1570,2247,0,0
1571,12207,0,0
1572,13438,0,0
1573,14408,0,0
1574,14500,0,0
1575,12285,0,0
1576,2240,0,0
1577,2935,0,0
1578,602,0,0
1579,3700,0,0
1580,9024,0,0
1581,7483,0,0
1582,14754,0,0
1583,19501,0,0
1584,19889,0,0
1585,2471,0,0
1586,14579,0,0
1587,13699,0,0
1588,21459,0,0
1589,16776,0,0
1590,4199,0,0
1591,15421,0,0
1592,21568,0,0
1593,14995,0,0
1594,15654,0,0
1595,8138,0,0
1596,21949,0,0
1597,14136,0,0
1598,12537,0,0
1599,5349,0,0
1600,17460,0,0
1601,14111,0,0
1602,156,0,0
1603,8901,0,0
1604,7776,0,0
1605,13294,0,0
1606,18078,0,0
1607,10365,0,0
1608,16635,0,0
1609,3525,0,0
1610,18264,0,0
1611,8283,0,0
1612,9044,0,0
1613,16249,0,0
1614,16537,0,0
1615,32,0,0
1616,17371,0,0
1617,53,0,0
1618,21386,0,0
1619,14811,0,0
1620,16862,0,0
1621,19596,0,0
1622,2062,0,0
1623,12913,0,0
1624,20372,0,0
1625,19778,0,0
1626,8404,0,0
1627,6124,0,0
1628,3824,0,0
1629,20346,0,0
1630,21479,0,0
1631,16328,0,0
1632,1849,0,0
1633,20984,0,0
1634,17718,0,0
1635,15077,0,0
1636,16842,0,0
1637,20747,0,0
1638,716,0,0
1639,7699,0,1
1640,19389,0,0
1641,15404,0,0
1642,19447,0,0
1643,5345,0,0
1644,17574,0,0
1645,18635,0,0
1646,4346,0,0
1647,15067,0,0
1648,8526,0,0
1649,13437,0,0
1650,19330,0,0
1651,20831,0,0
1652,763,0,0
1653,10711,0,0
1654,2470,0,0
1655,7818,0,0
1656,14228,0,0
1657,18280,0,0
1658,5411,0,0
1659,8284,0,0
1660,14895,0,0
1661,8368,0,0
1662,17830,0,0
1663,14555,0,0
1664,21171,0,0
1665,12734,0,0
1666,19472,0,0
1667,19942,0,0
1668,18215,0,0
1669,20531,0,0
1670,4135,0,0
1671,5822,0,0
1672,21324,0,0
1673,11779,0,0
1674,18032,0,0
1675,18042,0,0
1676,16633,0,0
1677,4921,0,0
1678,16183,0,0
1679,15673,0,0
1680,11098,0,0
1681,14994,0,0
1682,6261,0,0
1683,16221,0,0
1684,20278,0,0
1685,15907,0,0
1686,17293,0,0
1687,4500,0,0
1688,19329,0,0
1689,16912,0,0
1690,10529,0,0
1691,15938,0,0
1692,17630,0,0
1693,19354,0,0
1694,4255,0,0
1695,18705,0,0
1696,19120,0,0
1697,21398,1,0
1698,8737,0,0
1699,26,0,0
1700,15821,0,0
1701,5872,0,0
1702,21234,0,0
1703,1704,0,0
1704,13417,0,0
1705,11500,0,0
1706,16496,0,0
1707,21833,0,0
1708,10639,0,0
1709,4653,0,0
1710,16136,0,0
1711,21484,0,0
1712,7345,0,0
1713,5449,0,0
1714,13194,0,0
1715,15963,0,0
1716,8878,0,0
1717,21788,0,0
1718,7978,0,0
1719,6724,0,0
1720,15355,0,0
1721,11043,0,0
1722,3385,0,0
1723,19091,0,0
1724,318,0,0
1725,10388,0,0
1726,20412,0,0
1727,17706,0,0
1728,3664,0,0
1729,12409,0,0
1730,18186,0,0
1731,15968,0,0
1732,1246,0,0
1733,16361,0,0
1734,2889,0,0
1735,13744,0,0
1736,18778,0,0
1737,13971,0,0
1738,19606,0,0
1739,21609,0,0
1740,15019,0,0
1741,8561,0,0
1742,14080,0,0
1743,9348,0,0
1744,18951,0,0
1745,7756,0,0
1746,541,0,0
1747,8087,0,0
1748,16569,0,0
1749,17752,0,0
1750,18449,0,0
1751,5438,0,0
1752,11370,0,0
1753,18029,0,0
1754,14876,0,0
1755,19431,0,0
1756,12010,0,0
1757,18038,0,0
1758,15756,0,0
1759,20580,0,0
1760,18872,0,0
1761,3542,0,0
1762,14718,0,0
1763,3030,0,0
1764,10490,0,0
1765,14337,0,0
1766,16041,0,0
1767,21406,0,0
1768,12414,0,0
1769,4338,0,0
1770,18136,0,0
1771,18687,0,0
1772,13803,0,0
1773,1102,0,0
1774,14835,0,0
1775,18679,0,0
1776,13967,0,0
1777,21776,0,0
1778,15395,0,0
1779,16059,0,0
1780,18845,0,0
1781,12761,0,0
1782,15025,0,0
1783,18004,0,0
1784,15735,0,0
1785,16043,0,0
1786,21528,0,0
1787,12519,0,0
1788,124,0,0
1789,15239,0,0
1790,1871,0,0
1791,11523,0,0
1792,17729,0,0
1793,16406,0,0
1794,16666,0,0
1795,18572,0,0
1796,5205,0,0
1797,20665,0,0
1798,12939,0,0
1799,1378,0,0
1800,14778,0,0
1801,5900,0,0
1802,7434,0,0
1803,11160,0,0
1804,15882,0,0
1805,18820,0,0
1806,4772,0,0
1807,11854,0,0
1808,19676,0,0
1809,3726,0,0
1810,12905,0,0
1811,2169,0,0
1812,15329,0,0
1813,19628,0,0
1814,488,0,0
1815,16922,0,0
1816,10403,0,0
1817,17728,0,0
1818,20532,0,0
1819,17422,0,0
1820,3532,0,0
1821,15887,0,0
1822,15615,0,0
1823,18135,0,0
1824,3746,0,0
1825,10313,0,0
1826,16450,0,0
1827,4205,0,0
1828,19332,0,0
1829,15102,0,0
1830,14468,0,0
1831,14462,0,0
1832,604,0,0
1833,14968,0,0
1834,15628,0,0
1835,17990,0,0
1836,654,0,0
1837,21401,0,0
1838,826,0,0
1839,7797,0,0
1840,16865,0,0
1841,18612,0,0
1842,17978,0,0
1843,7290,0,0
1844,16694,0,0
1845,11898,0,0
1846,15607,0,0
1847,18367,0,0
1848,17504,0,0
1849,14279,0,0
1850,17103,0,0
1851,14521,0,0
1852,12705,0,0
1853,11805,0,0
1854,20673,0,0
1855,12039,0,0
1856,11644,0,0
1857,18893,0,0
1858,10780,0,0
1859,6830,0,0
1860,9156,0,0
1861,15969,0,0
1862,18648,0,0
1863,1433,0,0
1864,19138,0,0
1865,2854,0,0
1866,17313,0,0
1867,20715,0,0
1868,20247,0,0
1869,11164,0,0
1870,10488,0,0
1871,15788,0,0
1872,20169,0,0
1873,571,0,0
1874,5416,0,0
1875,19796,0,0
1876,17238,0,0
1877,7945,0,0
1878,21524,0,0
1879,21011,0,0
1880,12294,0,0
1881,9151,0,0
1882,16804,0,0
1883,14976,0,0
1884,17442,0,0
1885,17380,0,0
1886,8288,0,0
1887,664,0,0
1888,13831,0,0
1889,13850,0,0
1890,16340,0,0
1891,3471,0,0
1892,20815,0,0
1893,18391,0,0
1894,16015,0,0
1895,16449,0,0
1896,19133,0,0
1897,11081,0,0
1898,16643,0,0
1899,19273,0,0
1900,14275,0,0
1901,19819,0,0
1902,11776,0,0
1903,11684,0,0
1904,13123,0,0
1905,15396,0,0
1906,17476,0,0
1907,21437,5,0
1908,17083,0,0
1909,12596,0,0
1910,144,0,0
1911,4288,0,0
1912,15151,0,0
1913,18320,0,0
1914,10987,0,0
1915,7476,0,0
1916,13041,0,0
1917,16852,0,0
1918,19006,0,0
1919,17513,0,0
1920,4822,0,0
1921,7549,0,0
1922,9057,0,0
1923,15666,0,0
1924,7311,0,0
1925,21159,0,0
1926,11227,0,0
1927,17997,0,0
1928,3902,0,0
1929,7709,0,0
1930,15397,0,0
1931,10489,0,0
1932,20452,0,0
1933,14875,0,0
1934,20406,0,0
1935,228,0,0
1936,13737,0,0
1937,19400,0,0
1938,15075,0,0
1939,3230,0,0
1940,21345,0,0
1941,18861,0,0
1942,19226,0,0
1943,19877,0,0
1944,13556,0,0
1945,15135,0,0
1946,10802,0,0
1947,17420,0,0
1948,6031,0,0
1949,16420,0,0
1950,21282,0,0
1951,14280,0,0
1952,12338,0,0
1953,4865,0,0
1954,12248,0,0
1955,17214,0,0
1956,10899,0,0
1957,15456,0,0
1958,18149,0,0
1959,11737,0,0
1960,21571,0,0
1961,13891,0,0
1962,21207,0,0
1963,20622,0,0
1964,9,0,0
1965,20490,0,0
1966,14258,0,0
1967,8173,0,0
1968,16561,0,0
1969,17893,0,0
1970,14765,0,0
1971,20230,0,0
1972,5763,0,0
1973,8038,0,0
1974,7583,0,0
1975,13766,0,0
1976,20788,0,0
1977,562,0,0
1978,15078,0,0
1979,194,0,0
1980,12008,0,0
1981,19511,0,0
1982,330,0,0
1983,8564,0,0
1984,8259,0,0
1985,12180,0,0
1986,16798,0,0
1987,1797,0,0
1988,12766,0,0
1989,17787,0,0
1990,18445,0,0
1991,21469,0,0
1992,17241,0,0
1993,10790,0,0
1994,3583,0,0
1995,150,0,0
1996,14538,0,0
1997,21560,0,0
1998,16702,0,0
1999,7845,0,0
2000,20048,0,0
2001,4036,0,0
2002,11738,0,0
2003,15213,0,0
2004,14393,0,0
2005,13460,0,0
2006,63,0,0
2007,15537,0,0
2008,14072,0,0
2009,5613,0,0
2010,19713,0,0
2011,20781,0,0
2012,3875,0,0
2013,21925,0,0
2014,5784,0,0
2015,18799,0,0
2016,3428,0,0
2017,20860,0,0
2018,4677,0,0
2019,17910,0,0
2020,58,0,0
2021,21326,0,0
2022,7062,0,0
2023,2428,0,0
2024,16305,0,0
2025,15253,0,0
2026,15929,0,0
2027,9223,0,0
2028,3324,0,0
2029,17666,0,0
2030,19428,0,0
2031,16360,0,0
2032,4914,0,0
2033,14061,0,0
2034,5312,0,0
2035,6874,0,0
2036,16222,0,0
2037,7,0,0
2038,21534,0,0
2039,13158,0,0
2040,6,0,0
2041,8852,0,0
2042,4951,0,0
2043,15276,0,0
2044,4963,0,0
2045,5961,0,0
2046,12661,0,0
2047,13249,0,0
2048,3829,0,0
2049,14329,0,0
2050,16003,0,0
2051,14559,0,0
2052,21457,0,0
2053,17116,0,0
2054,16150,0,0
2055,11860,0,0
2056,3778,0,0
2057,16025,0,0
2058,2093,0,0
2059,19638,0,0
2060,13033,0,0
2061,9506,0,0
2062,17489,0,0
2063,15283,0,0
2064,2780,0,0
2065,1103,0,0
2066,9010,0,0
2067,18744,0,0
2068,10708,0,0
2069,1150,0,0
2070,18216,0,0
2071,8855,0,0
2072,14326,0,0
2073,16668,0,0
2074,1176,0,0
2075,2197,0,0
2076,20130,0,0
2077,14421,0,0
2078,16553,0,0
2079,11211,0,0
2080,20267,0,0
2081,3511,0,0
2082,14998,0,0
2083,3320,0,0
2084,13824,0,0
2085,9460,0,0
2086,16575,0,0
2087,12448,0,0
2088,16539,0,0
2089,13185,0,0
2090,21464,0,0
2091,17307,0,0
2092,11499,0,0
2093,20516,0,0
2094,15446,0,0
2095,11818,0,0
2096,14144,0,0
2097,2395,0,0
2098,14676,0,0
2099,19422,0,0
2100,20798,0,0
2101,16950,0,0
2102,21323,0,0
2103,13105,0,0
2104,2530,0,0
2105,12447,0,0
2106,16998,0,0
2107,2242,0,0
2108,19080,0,0
2109,8987,0,0
2110,21033,0,0
2111,21295,0,0
2112,21786,0,0
2113,455,0,0
2114,17368,0,0
2115,17037,0,0
2116,7408,0,0
2117,11536,0,0
2118,16820,0,0
2119,6183,0,0
2120,15960,0,0
2121,2962,0,0
2122,11287,0,0
2123,19430,0,0
2124,19774,0,0
2125,17206,0,0
2126,19757,0,0
2127,408,0,0
2128,21189,0,0
2129,19403,0,0
2130,18398,0,0
2131,21124,0,0
2132,2755,0,0
2133,16953,0,0
2134,18547,0,0
2135,21677,0,0
2136,18411,0,0
2137,14524,0,0
2138,13507,0,0
2139,14996,0,0
2140,187,0,0
2141,12411,0,0
2142,13078,0,0
2143,10901,0,0
2144,2996,0,0
2145,40,0,0
2146,16913,0,0
2147,16202,0,0
2148,19750,0,0
2149,13301,0,0
2150,4226,0,0
2151,14801,0,0
2152,11902,0,0
2153,16571,0,0
2154,8535,0,0
2155,18035,0,0
2156,13937,0,0
2157,5031,0,0
2158,14707,0,0
2159,9454,0,0
2160,14340,0,0
2161,6547,0,0
2162,16996,0,0
2163,17611,0,0
2164,20015,0,0
2165,8932,0,0
2166,20545,0,0
2167,3925,0,0
2168,19088,0,0
2169,15353,0,0
2170,14112,0,0
2171,19959,0,0
2172,12685,0,0
2173,5871,0,0
2174,1862,0,0
2175,5799,0,0
2176,10520,0,0
2177,11292,0,0
2178,14380,0,0
2179,8244,0,0
2180,14043,0,0
2181,19928,0,0
2182,16098,0,0
2183,11834,0,0
2184,15845,0,0
2185,335,0,0
2186,19219,0,0
2187,7437,0,0
2188,2207,0,0
2189,9192,0,0
2190,1210,0,0
2191,17677,0,0
2192,2907,0,0
2193,2319,0,0
2194,11429,0,0
2195,21912,0,0
2196,6267,0,0
2197,20569,0,0
2198,1038,0,0
2199,16644,0,0
2200,16785,0,0
2201,18232,0,0
2202,6805,0,0
2203,18344,0,0
2204,15409,0,0
2205,10646,0,0
2206,14042,0,0
2207,20704,0,0
2208,5296,0,0
2209,1894,0,0
2210,19383,0,0
2211,10376,0,0
2212,10877,0,0
2213,21025,0,0
2214,16363,0,0
2215,7497,0,0
2216,16192,0,0
2217,1458,0,0
2218,18511,0,0
2219,268,0,0
2220,6380,0,0
2221,19595,0,0
2222,5104,0,0
2223,8063,0,0
2224,16022,0,0
2225,5500,0,0
2226,9437,0,0
2227,19533,0,0
2228,19436,0,0
2229,17290,0,0
2230,18784,0,0
2231,8178,0,0
2232,4048,0,0
2233,17257,0,0
2234,7435,0,0
2235,19276,0,0
2236,3288,0,0
2237,14352,0,0
2238,477,0,0
2239,14905,0,0
2240,7647,0,0
2241,18231,0,0
2242,447,0,0
2243,12497,0,0
2244,7682,0,0
2245,6672,0,0
2246,17714,0,0
2247,1315,0,0
2248,17234,0,0
2249,16564,0,0
2250,11419,0,0
2251,19977,0,0
2252,4611,0,0
2253,64,0,0
2254,15751,0,0
2255,4916,0,0
2256,18662,0,0
2257,19639,0,0
2258,9572,0,0
2259,61,0,0
2260,1887,0,0
2261,12841,0,0
2262,3572,0,0
2263,15116,0,0
2264,12348,0,1
2265,17903,0,0
2266,20731,0,0
2267,17352,0,0
2268,14531,0,0
2269,8280,0,0
2270,20584,0,0
2271,14140,0,0
2272,11561,0,0
2273,16685,0,0
2274,15749,0,0
2275,19075,0,0
2276,18428,0,0
2277,15861,0,0
2278,12703,0,0
2279,17456,0,0
2280,14552,0,0
2281,14311,0,0
2282,17950,0,0
2283,11157,0,0
2284,14908,0,0
2285,16718,0,0
2286,893,0,0
2287,15703,0,0
2288,18333,0,0
2289,20667,0,0
2290,8446,0,0
2291,17421,0,0
2292,19611,0,0
2293,21141,0,0
2294,5732,0,0
2295,463,0,0
2296,2669,0,0
2297,18249,0,0
2298,16954,0,0
2299,18998,0,0
2300,9930,0,0
2301,16415,0,0
2302,19554,0,0
2303,8554,0,0
2304,573,0,0
2305,21894,0,0
2306,11650,0,0
2307,15661,0,0
2308,17087,0,0
2309,21513,0,0
2310,14520,0,0
2311,17742,0,0
2312,21120,0,0
2313,3224,0,0
2314,15192,0,0
2315,4428,0,0
2316,11029,0,0
2317,17319,0,0
2318,309,0,0
2319,19127,0,0
2320,13918,0,0
2321,14180,0,0
2322,11090,0,0
2323,10453,0,0
2324,17447,0,0
2325,17506,0,0
2326,13658,0,0
2327,11647,0,0
2328,17372,0,0
2329,18166,0,0
2330,13938,0,0
2331,19391,0,0
2332,9580,0,0
2333,16330,0,0
2334,20122,0,0
2335,19960,0,0
2336,17032,0,0
2337,3551,0,0
2338,10206,0,0
2339,12235,0,0
2340,10596,0,0
2341,21496,0,0
2342,19726,0,0
2343,101,0,0
2344,21645,0,0
2345,15339,0,0
2346,9928,0,0
2347,18745,0,0
2348,11666,0,1
2349,1465,0,0
2350,17118,0,0
2351,21566,0,0
2352,16232,0,0
2353,13306,0,0
2354,3116,0,0
2355,18760,0,0
2356,4826,0,0
2357,20057,0,0
2358,15186,0,0
2359,12969,0,0
2360,7246,0,0
2361,3284,0,0
2362,6610,0,0
2363,2188,0,0
2364,18593,0,0
2365,13030,0,0
2366,9401,0,0
2367,15998,0,0
2368,19737,0,0
2369,18987,0,0
2370,14233,0,0
2371,21841,0,0
2372,20217,0,0
2373,21547,0,0
2374,17738,0,0
2375,11636,0,0
2376,16527,0,0
2377,21384,2,2
2378,2086,0,0
2379,4652,0,0
2380,1050,0,0
2381,16745,0,0
2382,19271,0,0
2383,20158,0,0
2384,16570,0,0
2385,4939,0,0
2386,8725,0,0
2387,17736,0,0
2388,2003,0,0
2389,14617,0,0
2390,19873,0,0
2391,12975,0,0
2392,20171,0,0
2393,15613,0,0
2394,286,0,0
2395,17796,0,0
2396,14375,0,0
2397,17710,0,0
2398,20766,0,0
2399,9358,0,0
2400,18994,0,0
2401,17519,0,0
2402,2503,0,0
2403,12399,0,0
2404,7508,0,0
2405,16595,0,0
2406,19876,0,0
2407,3796,0,0
2408,11224,0,0
2409,13170,0,0
2410,9465,0,0
2411,17555,0,0
2412,15849,0,0
2413,14771,0,0
2414,10821,0,0
2415,17541,0,0
2416,18487,0,0
2417,13997,0,0
2418,20321,0,0
2419,14843,0,0
2420,6472,0,0
2421,8396,0,0
2422,21414,0,0
2423,517,0,0
2424,17622,0,0
2425,903,0,0
2426,20089,0,0
2427,4530,0,0
2428,6162,0,0
2429,7589,0,0
2430,14054,0,0
2431,939,0,0
2432,15838,0,0
2433,7675,0,0
2434,17316,0,0
2435,20520,0,0
2436,18036,0,0
2437,16529,0,0
2438,17189,0,0
2439,18692,0,0
2440,18698,0,0
2441,13561,0,0
2442,15191,0,0
2443,10501,0,0
2444,14331,0,0
2445,16959,0,0
2446,14034,0,0
2447,6871,0,0
2448,6036,0,0
2449,18417,0,0
2450,11428,0,0
2451,18326,0,0
2452,16310,0,0
2453,17875,0,0
2454,19195,0,0
2455,1635,0,0
2456,21381,0,0
2457,5641,0,0
2458,16123,0,0
2459,14931,0,0
2460,19685,0,0
2461,12738,0,0
2462,1482,0,0
2463,15525,0,0
2464,19843,0,0
2465,17726,0,0
2466,4291,0,0
2467,13358,0,0
2468,12756,0,0
2469,19380,0,0
2470,17854,0,0
2471,20679,0,0
2472,23,0,0
2473,69,0,0
2474,15050,0,0
2475,5117,0,0
2476,17709,0,0
2477,4089,0,0
2478,19513,0,0
2479,15038,0,0
2480,6590,0,0
2481,10968,0,0
2482,21914,0,0
2483,17902,0,0
2484,20235,0,0
2485,14854,0,0
2486,11530,0,0
2487,12220,0,0
2488,14748,0,0
2489,13727,0,0
2490,3202,0,0
2491,17975,0,0
2492,11163,0,0
2493,4813,0,0
2494,2781,0,0
2495,16302,0,0
2496,703,0,0
2497,21434,0,0
2498,10667,0,0
2499,8348,0,0
2500,21898,0,0
2501,4633,0,0
2502,19792,0,0
2503,20496,0,0
2504,18422,0,0
2505,20675,0,0
2506,21054,0,0
2507,14643,0,0
2508,15542,0,0
2509,18192,0,0
2510,14293,0,0
2511,9964,0,0
2512,16048,0,0
2513,5750,0,0
2514,17412,0,0
2515,10619,0,0
2516,20400,0,0
2517,18741,0,0
2518,18083,0,0
2519,14656,0,0
2520,10761,0,0
2521,7576,0,0
2522,14173,0,0
2523,1036,0,0
2524,10107,0,0
2525,13013,0,0
2526,21321,0,0
2527,16630,0,0
2528,19162,0,0
2529,1060,0,0
2530,18728,0,0
2531,15497,0,0
2532,16834,0,0
2533,16892,0,0
2534,18173,0,0
2535,3989,0,0
2536,21026,0,0
2537,149,0,0
2538,11420,0,0
2539,19049,0,0
2540,712,0,0
2541,16283,0,0
2542,14314,0,0
2543,7811,0,0
2544,3631,0,0
2545,11714,0,0
2546,5800,0,0
2547,1090,0,0
2548,7498,0,0
2549,5475,0,0
2550,4852,0,0
2551,16379,0,0
2552,14824,0,0
2553,17066,0,0
2554,16825,0,0
2555,19629,0,0
2556,20038,0,0
2557,19173,0,0
2558,8900,0,0
2559,17966,0,0
2560,16899,0,0
2561,16039,0,0
2562,1398,0,0
2563,14193,0,0
2564,16989,0,0
2565,21650,0,0
2566,1058,0,0
2567,17788,0,0
2568,10133,2,0
2569,20663,0,0
2570,2865,0,0
2571,3100,0,0
2572,18503,0,0
2573,14509,0,0
2574,20940,0,0
2575,9948,0,0
2576,629,0,0
2577,18075,0,0
2578,19468,0,0
2579,17923,0,0
2580,13807,0,0
2581,19494,0,0
2582,16317,0,0
2583,17165,0,0
2584,20634,0,0
2585,868,0,0
2586,14705,0,0
2587,13631,0,1
2588,13302,0,0
2589,18979,0,0
2590,10738,0,0
2591,2137,0,0
2592,16111,0,0
2593,315,0,0
2594,14929,0,0
2595,11314,0,0
2596,15933,0,0
2597,13587,0,0
2598,11823,0,0
2599,11721,0,0
2600,17633,0,0
2601,16932,0,0
2602,16440,0,0
2603,20921,0,0
2604,3812,0,0
2605,15144,0,0
2606,17516,0,0
2607,15859,0,0
2608,531,0,0
2609,17067,0,0
2610,13267,0,0
2611,21871,0,0
2612,17816,0,0
2613,11506,0,0
2614,11483,0,0
2615,14243,0,0
2616,919,0,0
2617,20954,0,0
2618,10169,0,0
2619,7953,0,0
2620,19933,0,0
2621,2221,0,0
2622,19435,0,0
2623,17012,0,0
2624,15505,0,0
2625,18006,0,0
2626,7446,0,0
2627,16737,0,0
2628,20890,0,0
2629,430,0,0
2630,20451,0,0
2631,19214,0,0
2632,19262,1,0
2633,19125,0,0
2634,11259,0,0
2635,15111,0,0
2636,19591,0,0
2637,4543,0,0
2638,287,0,0
2639,3087,0,0
2640,18625,0,0
2641,16282,0,0
2642,16691,0,0
2643,11601,0,0
2644,17327,0,0
2645,17896,0,0
2646,14616,0,0
2647,2488,0,0
2648,4068,0,0
2649,14004,0,0
2650,15686,0,0
2651,19416,0,0
2652,18813,0,0
2653,5362,0,0
2654,21105,0,0
2655,9224,0,0
2656,21110,0,0
2657,14372,0,0
2658,18125,0,0
2659,21807,0,0
2660,21913,0,0
2661,21895,0,0
2662,15165,0,0
2663,6568,0,0
2664,4923,0,0
2665,8021,0,0
2666,17275,0,0
2667,5916,0,0
2668,15835,0,0
2669,8436,0,0
2670,6735,0,0
2671,18584,0,0
2672,12122,0,0
2673,7795,0,0
2674,3209,0,0
2675,16422,0,0
2676,13793,0,0
2677,19180,0,0
2678,20843,0,0
2679,12837,0,0
2680,15230,0,0
2681,4561,0,0
2682,19155,0,0
2683,14571,0,0
2684,16118,0,0
2685,19915,0,0
2686,18557,0,0
2687,16092,0,0
2688,14963,0,0
2689,20513,0,0
2690,10841,0,0
2691,624,0,0
2692,15884,0,0
2693,21049,0,0
2694,17335,0,0
2695,7298,0,0
2696,146,0,0
2697,16531,0,0
2698,17963,0,0
2699,19382,0,0
2700,16783,0,0
2701,17011,0,0
2702,21542,0,0
2703,11810,0,0
2704,1271,0,0
2705,16799,0,0
2706,10816,0,0
2707,105,0,0
2708,15419,0,0
2709,11179,0,0
2710,14799,0,0
2711,1897,0,0
2712,7119,0,0
2713,476,0,0
2714,12762,0,0
2715,11741,0,0
2716,21540,0,0
2717,3101,0,0
2718,76,0,0
2719,8286,0,0
2720,17201,0,0
2721,10644,0,0
2722,18044,0,0
2723,18771,0,0
2724,18323,0,0
2725,17226,0,0
2726,8690,0,0
2727,1077,0,0
2728,15295,0,0
2729,8304,0,0
2730,21095,0,0
2731,18228,0,0
2732,12856,0,0
2733,14147,0,0
2734,426,0,0
2735,15926,0,0
2736,52,0,0
2737,13029,0,0
2738,12535,0,0
2739,20244,0,0
2740,8883,0,0
2741,18966,0,0
2742,16266,0,0
2743,13849,0,0
2744,5607,0,0
2745,16416,0,0
2746,3948,0,0
2747,21402,0,0
2748,3608,0,0
2749,7622,0,0
2750,3683,0,0
2751,21009,0,0
2752,21947,0,0
2753,5656,0,0
2754,10098,0,1
2755,2288,0,0
2756,630,0,0
2757,16445,0,0
2758,11233,0,0
2759,19857,0,0
2760,2381,0,0
2761,18767,0,0
2762,13295,0,0
2763,16916,0,0
2764,1543,0,0
2765,20723,0,0
2766,11050,0,0
2767,19353,0,0
2768,6996,0,0
2769,17074,0,0
2770,13332,0,0
2771,14659,0,0
2772,2437,0,0
2773,14431,0,0
2774,11903,0,0
2775,21446,0,0
2776,17700,0,0
2777,20683,0,0
2778,17233,0,0
2779,16678,0,0
2780,21642,0,0
2781,13206,0,0
2782,12037,0,0
2783,3985,0,0
2784,9707,0,0
2785,2529,0,0
2786,4930,0,0
2787,5264,0,0
2788,20099,0,0
2789,10814,0,0
2790,199,0,0
2791,8430,0,0
2792,5905,0,0
2793,21380,0,0
2794,20324,0,0
2795,12588,0,0
2796,16597,0,0
2797,11812,0,0
2798,6176,0,0
2799,17928,0,0
2800,16665,0,0
2801,19224,0,0
2802,4187,0,0
2803,221,0,0
2804,610,0,0
2805,6400,0,0
2806,16355,0,0
2807,16491,0,0
2808,13723,0,0
2809,20051,0,0
2810,15918,0,0
2811,19439,0,0
2812,12818,0,0
2813,14529,0,0
2814,19466,0,0
2815,17602,0,0
2816,19586,0,0
2817,276,0,0
2818,1716,0,0
2819,7807,0,0
2820,1171,0,0
2821,17785,0,0
2822,13929,0,0
2823,12960,0,0
2824,14566,0,0
2825,17784,0,0
2826,18950,0,0
2827,865,0,0
2828,16274,0,0
2829,2534,0,0
2830,18806,0,0
2831,13440,0,0
2832,10642,0,0
2833,8365,0,0
2834,21856,0,0
2835,19450,1,0
2836,10785,0,0
2837,19752,0,0
2838,17751,0,0
2839,3772,0,0
2840,19771,0,0
2841,16603,0,0
2842,204,0,0
2843,15330,0,0
2844,14859,0,0
2845,16781,0,1
2846,15229,0,0
2847,21129,0,0
2848,18968,0,0
2849,17218,0,0
2850,21358,0,0
2851,20098,0,0
2852,14947,0,0
2853,12792,0,0
2854,14702,0,0
2855,16593,0,0
2856,1407,0,0
2857,13641,0,0
2858,1,0,0
2859,14354,0,0
2860,17979,0,0
2861,15370,0,0
2862,18626,0,0
2863,21135,0,0
2864,21043,0,0
2865,13873,0,0
2866,12573,0,0
2867,14039,0,0
2868,3280,0,0
2869,11792,0,0
2870,13036,0,0
2871,18815,0,0
2872,17884,0,0
2873,5153,0,0
2874,15710,0,0
2875,14121,0,0
2876,2309,0,0
2877,3713,0,0
2878,172,0,0
2879,6694,1,0
2880,6006,0,0
2881,20728,0,0
2882,5039,0,0
2883,5580,0,0
2884,21415,0,0
2885,20310,0,0
2886,19735,0,0
2887,2600,0,0
2888,21490,0,0
2889,19135,0,0
2890,12755,0,0
2891,9062,0,0
2892,18361,0,0
2893,19386,0,0
2894,16946,0,0
2895,5241,0,0
2896,17454,0,0
2897,1187,0,0
2898,15272,0,0
2899,15610,0,0
2900,19225,0,0
2901,2634,0,0
2902,18888,0,0
2903,815,0,0
2904,18491,0,0
2905,20700,1,0
2906,18924,0,0
2907,10971,0,0
2908,17637,0,0
2909,15280,0,0
2910,1919,0,0
2911,21818,0,0
2912,21352,0,0
2913,20732,0,0
2914,21431,0,0
2915,18826,0,0
2916,7707,0,0
2917,10956,0,0
2918,8542,0,0
2919,17183,0,0
2920,3041,0,0
2921,17444,0,0
2922,15891,0,0
2923,12812,0,0
2924,19803,0,0
2925,16734,0,0
2926,18103,0,0
2927,8715,0,0
2928,15692,0,0
2929,11809,0,0
2930,20314,0,0
2931,16165,0,0
2932,3223,0,0
2933,16549,0,0
2934,3310,0,0
2935,12736,0,0
2936,15643,0,0
2937,19935,0,0
2938,21311,0,0
2939,20404,0,0
2940,18379,0,0
2941,14442,0,0
2942,18329,0,0
2943,17965,0,0
2944,21066,0,0
2945,2949,0,0
2946,18296,0,0
2947,1884,0,0
2948,16562,0,0
2949,19044,0,0
2950,20726,0,0
2951,16095,0,0
2952,6001,0,0
2953,9971,0,0
2954,14902,0,0
2955,21278,0,0
2956,21028,0,0
2957,18180,0,0
2958,16455,0,0
2959,12614,0,0
2960,7906,0,0
2961,15461,0,0
2962,4791,0,0
2963,3659,0,0
2964,17624,0,0
2965,15382,0,0
2966,14414,0,0
2967,6038,0,0
2968,19780,0,0
2969,15875,0,0
2970,3743,0,0
2971,7563,0,0
2972,8974,0,0
2973,2235,0,0
2974,8693,0,0
2975,19064,0,0
2976,7581,0,0
2977,17913,0,0
2978,14923,0,0
2979,14377,0,0
2980,16147,0,0
2981,5285,0,0
2982,11986,0,0
2983,14483,0,0
2984,18581,0,0
2985,21125,0,0
2986,13436,0,0
2987,11458,0,0
2988,719,0,0
2989,14680,0,0
2990,18450,0,0
2991,15315,0,0
2992,19517,0,0
2993,16962,0,0
2994,17225,0,0
2995,17333,0,0
2996,5352,0,0
2997,17382,0,0
2998,18369,0,0
2999,6357,0,0
3000,10037,0,0
3001,18376,0,0
3002,15430,0,0
3003,18061,0,0
3004,13870,0,0
3005,19508,0,0
3006,16640,0,0
3007,16495,0,0
3008,20998,0,0
3009,4881,0,0
3010,16639,0,0
3011,17813,0,0
3012,8374,0,0
3013,4072,0,0
3014,20439,0,0
3015,9544,0,0
3016,20541,0,0
3017,3947,0,0
3018,20540,0,0
3019,7294,0,0
3020,9320,0,0
3021,20925,0,0
3022,13223,0,0
3023,6444,0,0
3024,176,0,0
3025,14800,0,0
3026,17231,0,0
3027,21951,0,0
3028,18508,0,0
3029,21852,0,0
3030,4853,0,0
3031,9100,0,0
3032,17653,0,0
3033,14829,0,0
3034,19166,0,0
3035,15774,0,0
3036,19097,0,0
3037,16558,0,0
3038,17660,0,0
3039,14307,0,0
3040,19308,0,0
3041,20756,0,0
3042,17839,0,0
3043,21404,0,0
3044,15567,0,0
3045,16780,0,0
3046,16124,0,0
3047,13904,0,0
3048,14792,0,0
3049,18106,0,0
3050,14840,0,0
3051,12025,0,0
3052,16993,0,0
3053,20997,0,0
3054,8103,0,0
3055,16591,0,0
3056,16851,0,0
3057,16709,0,0
3058,7465,0,0
3059,15913,0,0
3060,19201,0,0
3061,19995,0,0
3062,12954,0,0
3063,18225,0,0
3064,17406,0,0
3065,7350,0,0
3066,21883,0,0
3067,20876,0,0
3068,11582,0,0
3069,2375,0,0
3070,1116,0,0
3071,18206,0,0
3072,20363,0,0
3073,19433,0,0
3074,7741,0,0
3075,1900,1,1
3076,13537,0,0
3077,3259,0,0
3078,70,0,0
3079,15650,0,0
3080,20727,0,0
3081,11101,0,0
3082,12038,0,0
3083,13669,0,0
3084,14463,0,0
3085,12557,0,0
3086,9823,0,0
3087,20449,0,0
3088,16793,0,0
3089,1866,0,0
3090,20241,0,0
3091,16220,0,0
3092,18073,0,0
3093,14484,0,0
3094,15892,0,0
3095,247,0,0
3096,20112,0,0
3097,19209,0,0
3098,3544,0,0
3099,10809,0,0
3100,17779,0,0
3101,4009,0,0
3102,2873,0,0
3103,9270,0,0
3104,15761,0,0
3105,10705,0,0
3106,17887,0,0
3107,13392,0,0
3108,17967,0,0
3109,18605,0,0
3110,18530,0,0
3111,3904,0,0
3112,18284,0,0
3113,15795,0,0
3114,21514,0,0
3115,15534,0,0
3116,21877,0,0
3117,14010,0,0
3118,3787,0,0
3119,14794,0,0
3120,18069,0,0
3121,556,0,0
3122,12240,0,0
3123,1313,0,0
3124,18499,0,0
3125,19764,0,0
3126,3145,0,0
3127,12727,0,0
3128,21132,0,0
3129,17906,0,0
3130,16582,0,0
3131,16719,0,0
3132,19154,0,0
3133,20477,0,0
3134,17052,0,0
3135,10637,0,0
3136,14411,0,0
3137,1950,0,0
3138,15951,0,0
3139,14691,0,0
3140,1047,0,0
3141,20517,0,0
3142,14506,0,0
3143,12824,0,0
3144,20271,0,0
3145,12218,0,0
3146,1615,0,0
3147,4079,0,0
3148,2689,0,0
3149,537,0,0
3150,14017,0,0
3151,18789,0,0
3152,10998,0,0
3153,10402,0,0
3154,15621,0,0
3155,10905,0,0
3156,11548,0,0
3157,1374,0,0
3158,13711,0,0
3159,5000,0,0
3160,3715,0,0
3161,347,0,0
3162,599,0,0
3163,12751,0,0
3164,21109,0,0
3165,14452,0,0
3166,17521,0,0
3167,20942,0,0
3168,612,0,0
3169,17110,0,0
3170,19956,0,0
3171,20945,0,0
3172,2452,0,0
3173,5320,0,0
3174,20173,0,0
3175,15772,0,0
3176,13227,0,0
3177,2365,0,0
3178,15182,0,0
3179,5054,0,0
3180,4418,0,0
3181,11559,0,0
3182,7645,0,0
3183,18842,0,0
3184,14126,0,0
3185,83,0,0
3186,18955,0,0
3187,11332,0,0
3188,10189,0,0
3189,19357,0,0
3190,1852,0,0
3191,21046,0,0
3192,7395,0,0
3193,18746,0,0
3194,15034,0,0
3195,16071,0,0
3196,19053,0,0
3197,8325,0,0
3198,18514,0,0
3199,18788,0,0
3200,3176,0,0
3201,4055,0,0
3202,17331,0,0
3203,18855,0,0
3204,17440,0,0
3205,110,0,0
3206,4225,0,0
3207,2246,0,0
3208,6750,0,0
3209,19787,0,0
3210,15,0,0
3211,17593,0,0
3212,6899,0,0
3213,13405,0,0
3214,12791,0,0
3215,10850,0,0
3216,12454,0,0
3217,16638,0,0
3218,4309,0,0
3219,18480,0,0
3220,2277,0,0
3221,19775,0,0
3222,15005,0,0
3223,16382,0,0
3224,15311,0,0
3225,4172,0,0
3226,15617,0,0
3227,1935,0,0
3228,543,0,0
3229,20401,0,0
3230,14620,0,0
3231,21405,0,0
3232,4807,0,0
3233,10690,1,0
3234,20706,0,0
3235,4994,0,0
3236,9942,0,0
3237,9944,0,0
3238,19875,0,0
3239,3201,0,0
3240,18699,0,0
3241,14553,0,0
3242,6335,0,0
3243,20835,0,0
3244,139,0,0
3245,19351,0,0
3246,16634,0,0
3247,19415,0,0
3248,15832,0,0
3249,15477,0,0
3250,3723,0,0
3251,5317,0,0
3252,18193,0,0
3253,16424,0,0
3254,19304,0,0
3255,19067,0,0
3256,14382,0,0
3257,3108,0,0
3258,17486,0,0
3259,17683,0,0
3260,15866,0,0
3261,4480,0,0
3262,17746,0,0
3263,4975,0,0
3264,16268,0,0
3265,16239,0,0
3266,14096,0,0
3267,2598,0,0
3268,15199,0,0
3269,18441,0,0
3270,18952,0,0
3271,9147,0,0
3272,14184,0,0
3273,19527,0,0
3274,4398,0,0
3275,15491,0,0
3276,19602,0,0
3277,2442,0,0
3278,13765,0,0
3279,10450,0,0
3280,9138,0,0
3281,20344,0,0
3282,19825,0,0
3283,13199,0,0
3284,5706,0,0
3285,17941,0,0
3286,16409,0,0
3287,18047,0,0
3288,16869,0,0
3289,15475,0,0
3290,19718,0,0
3291,15909,0,0
3292,11757,0,0
3293,8242,0,0
3294,8174,0,0
3295,2692,0,0
3296,17115,0,0
3297,17049,9,0
3298,16211,0,0
3299,344,0,0
3300,8289,0,0
3301,9181,0,0
3302,1924,0,0
3303,20652,0,0
3304,15319,0,0
3305,16120,0,0
3306,21517,1,0
3307,19654,0,0
3308,4829,0,0
3309,19246,0,0
3310,17667,0,0
3311,16693,0,0
3312,7523,0,1
3313,14196,0,0
3314,5036,0,0
3315,2829,0,0
3316,16303,0,0
3317,20632,0,0
3318,17780,0,0
3319,8026,0,0
3320,19893,0,0
3321,17051,0,0
3322,20507,0,0
3323,13101,0,0
3324,1833,0,0
3325,16137,0,0
3326,2073,0,0
3327,104,0,0
3328,21003,0,0
3329,15183,0,0
3330,12317,0,0
3331,21108,0,0
3332,17772,0,0
3333,21433,0,0
3334,15619,0,0
3335,21027,0,0
3336,490,0,0
3337,7519,1,0
3338,11421,0,0
3339,13352,0,0
3340,12611,0,0
3341,5123,0,0
3342,10341,0,0
3343,2716,0,0
3344,14663,0,0
3345,16826,0,0
3346,21465,0,0
3347,13700,0,0
3348,19627,0,0
3349,17050,0,0
3350,21935,0,0
3351,18143,0,0
3352,20264,0,0
3353,10137,0,0
3354,20924,0,0
3355,18940,0,0
3356,17322,0,0
3357,11505,0,0
3358,11060,0,0
3359,19202,0,0
3360,8175,0,1
3361,3795,0,0
3362,13565,0,0
3363,17075,0,0
3364,16,0,0
3365,20425,0,0
3366,12336,0,0
3367,16184,0,0
3368,1012,0,0
3369,20653,0,0
3370,12354,0,1
3371,3214,0,0
3372,10775,0,0
3373,21354,0,0
3374,10,0,0
3375,19419,0,0
3376,15504,0,0
3377,17485,0,0
3378,17364,0,0
3379,17697,0,0
3380,20734,0,0
3381,14167,0,0
3382,5919,0,0
3383,21301,0,0
3384,15678,0,0
3385,19248,0,0
3386,77,0,0
3387,21501,0,0
3388,2537,0,0
3389,20095,0,0
3390,17669,0,0
3391,18920,0,0
3392,11104,0,0
3393,17086,0,0
3394,21328,0,0
3395,14915,0,0
3396,17251,0,0
3397,12198,0,0
3398,11183,0,0
3399,13613,0,0
3400,21491,0,0
3401,17185,0,0
3402,2991,0,0
3403,15016,0,0
3404,19633,0,0
3405,16454,0,0
3406,1609,0,0
3407,21122,0,0
3408,17845,0,0
3409,4112,0,0
3410,10380,0,0
3411,2953,0,0
3412,16721,0,0
3413,19579,0,0
3414,21906,0,0
3415,4832,0,0
3416,20423,0,0
3417,10657,0,0
3418,13764,0,0
3419,98,0,0
3420,16130,0,0
3421,16452,0,0
3422,13834,0,0
3423,15694,0,0
3424,16469,0,0
3425,18282,0,0
3426,6043,0,0
3427,13721,0,0
3428,19179,0,0
3429,13288,0,0
3430,17474,0,0
3431,1044,0,0
3432,4516,0,0
3433,17641,0,0
3434,19762,0,0
3435,925,0,0
3436,15061,0,0
3437,216,0,0
3438,18119,0,0
3439,15040,0,0
3440,21250,0,0
3441,18230,0,0
3442,6559,0,0
3443,12710,0,0
3444,10918,0,0
3445,8886,0,0
3446,18914,0,0
3447,19009,0,0
3448,6914,0,0
3449,5866,0,0
3450,16839,0,0
3451,20221,0,0
3452,20427,0,0
3453,17509,0,0
3454,19312,0,0
3455,13626,0,0
3456,8968,0,0
3457,18372,0,0
3458,18933,0,0
3459,4038,1,0
3460,16550,0,0
3461,11956,0,0
3462,20476,0,0
3463,6910,0,0
3464,62,0,0
3465,10502,0,0
3466,17089,0,0
3467,1243,0,0
3468,305,0,0
3469,19528,0,0
3470,8412,0,0
3471,21032,0,0
3472,21062,0,0
3473,6471,0,0
3474,20544,0,0
3475,4008,0,0
3476,812,0,0
3477,260,0,0
3478,545,0,0
3479,21837,0,0
3480,9346,0,0
3481,132,0,0
3482,5730,0,0
3483,8877,0,0
3484,21673,0,0
3485,9816,0,0
3486,16997,0,0
3487,11633,0,0
3488,4887,0,0
3489,3441,0,0
3490,11162,0,0
3491,16499,0,0
3492,5321,0,0
3493,12650,0,0
3494,3290,0,0
3495,14610,0,0
3496,16358,0,0
3497,16189,0,0
3498,16482,0,0
3499,7960,0,0
3500,7632,0,0
3501,15273,0,0
3502,7093,0,0
3503,11455,0,0
3504,15623,0,0
3505,16388,0,0
3506,4053,0,0
3507,18346,0,0
3508,15728,0,0
3509,21272,0,0
3510,14980,0,0
3511,16860,0,0
3512,5834,0,0
3513,7014,0,0
3514,18761,0,0
3515,18306,0,0
3516,15160,0,0
3517,4189,0,0
3518,8334,0,0
3519,17604,0,0
3520,1337,0,0
3521,18412,0,0
3522,20949,0,0
3523,15806,0,0
3524,5893,0,0
3525,9647,0,1
3526,20820,0,0
3527,15791,0,0
3528,17482,0,0
3529,5075,0,0
3530,18262,0,0
3531,11278,0,0
3532,242,0,0
3533,15699,0,0
3534,16172,0,0
3535,18558,0,0
3536,16402,0,0
3537,18759,0,0
3538,3301,0,0
3539,20055,0,0
3540,16188,0,0
3541,9682,0,0
3542,11269,0,0
3543,7702,0,0
3544,18331,0,0
3545,19352,0,0
3546,19882,0,0
3547,535,0,0
3548,18548,0,0
3549,16725,0,0
3550,10793,0,0
3551,19393,0,0
3552,15225,0,0
3553,3838,0,0
3554,14649,0,0
3555,17264,0,0
3556,8200,0,0
3557,16743,0,0
3558,17680,0,0
3559,4597,0,0
3560,3231,0,0
3561,9207,0,0
3562,18800,0,0
3563,13913,0,0
3564,20606,0,0
3565,7931,0,0
3566,16636,0,0
3567,19159,0,0
3568,15544,0,0
3569,15053,0,0
3570,19542,0,0
3571,15402,0,0
3572,7774,0,0
3573,15740,0,0
3574,5618,0,0
3575,14511,0,0
3576,2281,0,0
3577,16626,0,0
