,contractor_id,true_restricted_day,restricted_day_19_pred
0,16168,1,0
1,18109,0,0
2,16579,1,0
3,10566,0,0
4,13499,1,0
5,968,1,0
6,14081,0,0
7,18462,0,0
8,213,0,0
9,19139,0,0
10,18130,0,0
11,17581,0,0
12,15682,1,0
13,19947,1,0
14,7038,1,0
15,16778,0,0
16,20336,0,0
17,21666,0,0
18,15878,0,0
19,6868,1,0
20,10521,1,0
21,14772,0,0
22,16063,0,0
23,16885,0,0
24,20557,0,0
25,17469,0,0
26,18305,0,0
27,15457,0,0
28,17143,0,0
29,18975,1,0
30,19356,0,0
31,5666,1,0
32,8375,0,0
33,17094,0,0
34,15301,0,0
35,17673,1,1
36,20466,0,0
37,18065,0,0
38,16588,0,0
39,19000,1,1
40,4110,1,1
41,21048,0,0
42,7524,0,0
43,20472,0,0
44,15925,0,0
45,12314,0,0
46,19230,0,0
47,5408,0,0
48,19239,0,0
49,20058,0,0
50,14825,0,0
51,19987,0,0
52,17497,0,0
53,11089,0,0
54,20250,0,0
55,20326,0,0
56,16425,0,0
57,17684,0,0
58,17558,0,0
59,19950,0,0
60,9376,0,0
61,19563,0,0
62,17661,0,0
63,17022,0,0
64,1623,0,0
65,10969,0,0
66,16786,1,0
67,11436,0,0
68,19519,1,1
69,16458,0,0
70,345,0,0
71,4649,0,0
72,17909,0,0
73,405,0,0
74,3807,0,0
75,7656,0,0
76,21831,0,0
77,7331,0,0
78,16179,0,0
79,5654,0,0
80,4364,0,0
81,14283,0,0
82,6877,0,0
83,20534,0,0
84,19732,1,0
85,3129,0,0
86,15753,0,0
87,14551,0,0
88,18944,0,0
89,20249,0,0
90,15642,0,0
91,16757,0,0
92,15245,1,1
93,13148,1,0
94,17405,0,0
95,3050,0,0
96,18375,0,0
97,10886,0,0
98,13270,1,0
99,17838,0,0
100,10794,0,0
101,6794,0,0
102,818,0,0
103,3025,0,0
104,16121,0,0
105,10352,0,0
106,960,0,0
107,12027,0,1
108,8212,0,0
109,17033,0,0
110,19404,0,0
111,17346,0,0
112,13247,0,0
113,17136,0,0
114,14440,0,0
115,11234,1,0
116,6661,0,0
117,8297,0,0
118,16423,0,0
119,12266,0,0
120,9953,0,0
121,21162,0,0
122,18775,0,0
123,4933,0,0
124,3518,0,0
125,18848,0,0
126,20623,0,0
127,277,0,0
128,13817,0,0
129,4234,0,0
130,21430,0,0
131,1812,0,0
132,21931,0,0
133,11496,1,0
134,17041,0,0
135,94,0,0
136,2064,0,0
137,14402,0,0
138,18101,0,0
139,7700,0,0
140,15284,0,0
141,20572,0,0
142,2114,0,0
143,19800,0,0
144,21467,1,0
145,17591,0,0
146,7536,0,0
147,18155,0,0
148,3001,0,0
149,20360,0,0
150,3044,0,0
151,2348,0,0
152,20982,0,0
153,16985,1,0
154,18179,0,0
155,16841,0,0
156,21213,0,0
157,20553,0,0
158,17847,0,0
159,19213,0,0
160,2455,0,0
161,10743,1,0
162,7946,0,0
163,20362,0,0
164,623,0,0
165,16819,0,0
166,13708,0,0
167,3679,0,0
168,11872,1,0
169,17559,1,0
170,12324,0,0
171,14866,0,0
172,14161,0,0
173,469,0,0
174,16822,0,0
175,16315,0,0
176,13798,0,0
177,6953,0,0
178,20391,0,0
179,15394,0,0
180,8567,0,0
181,17092,0,0
182,20962,0,0
183,3638,0,0
184,17133,0,0
185,18818,0,0
186,7642,1,0
187,18248,0,0
188,19317,0,0
189,5011,0,0
190,20445,0,0
191,5410,0,0
192,13425,0,0
193,6619,0,0
194,19858,0,0
195,16867,0,0
196,4640,0,0
197,9073,0,0
198,14012,0,0
199,6878,0,0
200,5239,0,0
201,12828,0,0
202,13767,1,0
203,16180,0,0
204,6253,1,0
205,19102,0,0
206,5316,0,0
207,13662,1,0
208,6208,0,0
209,16138,1,0
210,4361,1,0
211,21915,0,0
212,13585,0,0
213,65,0,0
214,13369,0,0
215,7092,0,0
216,4486,0,0
217,15870,0,0
218,21797,1,0
219,18294,0,0
220,14087,0,0
221,20629,0,0
222,122,0,0
223,8370,1,0
224,14558,0,0
225,254,0,0
226,17004,0,0
227,10386,0,0
228,18834,0,0
229,11346,0,0
230,20447,0,0
231,20430,0,0
232,19461,0,0
233,18664,0,0
234,16731,0,0
235,15070,1,0
236,12493,0,0
237,2164,0,0
238,5399,0,0
239,21663,0,0
240,15759,0,0
241,15468,0,0
242,17778,1,0
243,16726,0,0
244,15212,0,0
245,20922,0,0
246,19660,0,0
247,14956,0,0
248,15827,0,0
249,21782,0,0
250,21651,0,0
251,13921,1,0
252,14752,0,0
253,12119,0,0
254,20031,0,0
255,19335,1,0
256,1977,1,0
257,11739,1,0
258,16805,0,0
259,20783,0,0
260,29,0,0
261,14639,0,0
262,17235,0,0
263,9492,1,0
264,10143,0,0
265,21045,0,0
266,21475,0,0
267,10889,0,0
268,15069,0,0
269,751,0,0
270,3399,0,0
271,17379,0,0
272,14216,0,0
273,5479,0,0
274,7035,1,0
275,18099,0,0
276,21004,0,0
277,19745,1,0
278,16884,0,0
279,17600,0,0
280,71,0,0
281,20923,0,0
282,8432,0,0
283,10482,0,0
284,3665,0,0
285,15593,0,0
286,18697,0,0
287,15894,0,0
288,19997,0,0
289,11154,0,0
290,12067,0,0
291,12462,0,0
292,2343,0,0
293,2672,0,0
294,15801,1,0
295,16338,0,0
296,17663,0,0
297,8428,0,0
298,21449,0,0
299,7463,0,0
300,9472,0,0
301,11622,1,0
302,14964,0,0
303,16870,0,0
304,16238,0,0
305,19901,0,0
306,17704,0,0
307,10525,1,0
308,17587,0,0
309,17468,1,0
310,20847,0,0
311,6336,1,0
312,11427,0,0
313,16365,1,0
314,20251,0,0
315,615,0,0
316,17203,0,0
317,6003,0,0
318,3767,1,1
319,20121,0,0
320,11200,0,0
321,13677,0,0
322,10579,0,0
323,9269,0,0
324,15001,1,0
325,21499,0,0
326,9484,0,0
327,8989,1,0
328,1261,1,0
329,11288,0,0
330,3113,0,0
331,17053,0,0
332,15049,1,0
333,12997,0,0
334,14496,0,0
335,20639,0,0
336,16354,0,0
337,12786,0,0
338,13016,0,0
339,1327,1,0
340,5632,0,0
341,3309,1,0
342,168,0,0
343,14870,0,0
344,16151,0,0
345,17328,0,0
346,18509,0,0
347,19390,1,0
348,8461,0,0
349,16814,1,0
350,17173,0,0
351,15263,0,0
352,3621,0,0
353,13069,0,0
354,18604,0,0
355,17299,0,0
356,9397,0,0
357,20018,0,0
358,15741,0,0
359,5867,1,0
360,2009,0,0
361,19577,0,0
362,12481,1,0
363,19212,0,0
364,7585,0,0
365,20764,0,0
366,8646,1,0
367,4210,0,0
368,2327,0,0
369,14637,0,0
370,5569,1,0
371,492,0,0
372,17945,1,0
373,4308,0,0
374,15705,0,0
375,7687,0,0
376,21563,0,0
377,20132,0,0
378,16986,0,0
379,19115,0,0
380,18178,0,0
381,15492,0,0
382,20647,0,0
383,18301,0,0
384,19411,0,0
385,8962,0,0
386,19487,1,0
387,19859,0,0
388,5167,0,0
389,21055,0,0
390,10980,0,0
391,4208,0,0
392,19413,0,0
393,16308,1,0
394,15931,0,0
395,9135,0,0
396,18719,0,0
397,5379,0,0
398,20,0,0
399,3425,0,0
400,16515,0,0
401,15466,0,0
402,16352,0,0
403,16898,0,0
404,1927,0,0
405,18080,1,0
406,14487,0,0
407,16978,0,0
408,19971,0,0
409,21944,0,0
410,3868,1,0
411,1341,0,0
412,10869,0,0
413,11931,0,0
414,4972,0,0
415,10909,1,0
416,1375,0,0
417,18596,0,0
418,5221,0,0
419,12144,0,0
420,13782,1,0
421,20661,0,0
422,15331,1,0
423,3936,0,0
424,10039,0,0
425,15473,0,0
426,2893,0,0
427,4847,1,0
428,19476,1,0
429,13419,0,0
430,19844,0,0
431,14475,0,0
432,14633,1,0
433,34,0,0
434,1922,0,0
435,12999,0,0
436,3860,0,0
437,4023,0,0
438,21791,0,0
439,14129,0,0
440,17064,0,0
441,15088,0,0
442,16602,0,0
443,19920,0,0
444,15511,0,0
445,20953,0,0
446,16479,0,0
447,15458,0,0
448,18071,0,0
449,18693,0,0
450,20369,0,0
451,18226,1,0
452,9662,0,1
453,13583,1,0
454,14867,0,0
455,72,0,0
456,14549,0,0
457,8270,0,0
458,11674,1,0
459,11308,1,0
460,8511,1,0
461,16880,0,0
462,17868,0,0
463,11166,0,0
464,15531,0,0
465,15290,0,0
466,7927,1,0
467,19429,0,0
468,18150,0,0
469,4139,0,0
470,18098,0,0
471,15889,0,0
472,41,0,0
473,19258,0,0
474,16067,0,0
475,9630,0,0
476,17330,0,0
477,12489,0,0
478,17837,0,0
479,13387,0,0
480,19972,0,0
481,18711,0,0
482,5480,0,0
483,15724,0,0
484,19446,0,0
485,18978,0,0
486,19344,0,0
487,120,0,0
488,15718,0,0
489,19058,0,0
490,7897,0,0
491,21181,0,0
492,17407,0,0
493,20801,0,0
494,17101,0,0
495,3543,0,0
496,12502,1,0
497,13257,0,0
498,14808,0,0
499,17093,0,0
500,11910,1,0
501,14978,0,0
502,2750,0,0
503,20746,0,0
504,11125,0,0
505,21438,0,0
506,19790,0,0
507,3302,0,0
508,16894,0,0
509,7445,0,0
510,5292,0,0
511,16293,1,0
512,15378,0,0
513,15900,1,0
514,11852,0,0
515,16813,0,0
516,10882,0,0
517,10370,1,1
518,5771,1,0
519,21548,0,0
520,20041,0,0
521,5545,1,1
522,4417,0,0
523,15755,0,0
524,11038,1,1
525,15564,0,0
526,5008,0,0
527,15597,0,0
528,18668,0,0
529,19715,0,0
530,15985,0,0
531,16756,1,1
532,20297,0,0
533,2258,0,0
534,5530,1,0
535,4231,0,0
536,9170,0,0
537,860,1,0
538,6887,0,0
539,10647,0,0
540,15369,0,0
541,20977,0,0
542,2604,0,0
543,6855,0,0
544,14877,0,0
545,1861,1,0
546,14721,1,0
547,19667,0,0
548,13616,0,0
549,19899,0,0
550,17169,0,0
551,3371,0,0
552,20990,0,0
553,14932,1,0
554,11589,1,0
555,12236,0,0
556,11100,0,0
557,14479,0,0
558,16592,0,0
559,4788,1,0
560,6294,1,0
561,16070,0,0
562,14848,0,0
563,20897,0,0
564,6225,0,0
565,7101,0,0
566,21919,0,0
567,19175,0,0
568,16544,0,0
569,10754,0,0
570,4593,1,0
571,21092,0,0
572,15641,0,0
573,13085,0,0
574,5314,0,0
575,18700,0,0
576,18707,1,0
577,20023,0,0
578,13502,1,0
579,21059,0,0
580,16250,0,0
581,20352,0,0
582,14900,0,0
583,21669,0,0
584,8544,1,0
585,6432,0,0
586,20140,0,0
587,11838,0,0
588,7933,0,0
589,6430,0,0
590,12893,0,0
591,7166,1,0
592,5606,0,0
593,10075,0,0
594,16116,0,0
595,21306,0,0
596,10702,0,0
597,17857,0,0
598,21103,1,0
599,96,0,0
600,809,0,0
601,18896,0,0
602,4501,0,0
603,11121,0,0
604,18271,0,0
605,18841,0,0
606,18387,1,0
607,10333,0,0
608,17279,0,0
609,15618,1,0
610,15782,0,0
611,11605,0,0
612,11529,0,0
613,14404,0,0
614,16000,0,0
615,19479,0,0
616,12034,1,0
617,16343,0,0
618,13760,0,0
619,9597,1,0
620,21316,0,0
621,55,1,0
622,10331,1,0
623,1209,0,0
624,6238,0,0
625,2683,0,0
626,3172,0,0
627,51,1,0
628,15455,1,0
629,20920,0,0
630,2894,0,0
631,14636,0,0
632,17626,0,0
633,17266,0,0
634,17870,0,0
635,19311,0,0
636,13924,0,0
637,18941,0,0
638,21390,0,0
639,5034,0,0
640,19493,0,0
641,20614,0,0
642,6762,0,0
643,19896,0,0
644,16949,0,0
645,20599,0,0
646,16538,0,0
647,19034,0,0
648,7515,0,0
649,10895,0,0
650,1893,1,0
651,18598,0,0
652,20816,0,0
653,20411,0,0
654,21319,0,0
655,18843,0,0
656,2454,0,0
657,17571,0,0
658,20740,0,0
659,11441,0,0
660,20315,0,0
661,20735,1,0
662,21897,0,0
663,13279,0,0
664,534,1,1
665,20062,0,0
666,4150,0,0
667,21426,0,0
668,21283,0,0
669,13552,0,0
670,17951,0,0
671,16061,0,0
672,5452,0,0
673,18256,0,0
674,4565,1,0
675,18156,0,0
676,3473,1,0
677,2583,1,0
678,19423,0,0
679,733,0,0
680,15794,0,0
681,4938,0,0
682,13986,0,0
683,11392,0,0
684,20612,0,0
685,16995,0,0
686,21551,0,0
687,2358,0,0
688,9528,1,0
689,18293,0,0
690,14838,0,0
691,14601,0,0
692,17552,0,0
693,18571,0,0
694,14898,0,0
695,9172,0,0
696,15337,0,0
697,16967,0,0
698,12897,1,0
699,11890,0,0
700,16519,0,0
701,19619,0,0
702,18419,0,0
703,14650,0,0
704,16738,0,0
705,15014,0,0
706,897,0,0
707,18531,0,0
708,15726,0,0
709,13064,0,0
710,3978,0,0
711,16507,0,0
712,14397,0,0
713,1202,0,0
714,16648,0,0
715,18579,0,0
716,16005,0,0
717,16019,0,0
718,15381,1,0
719,2421,0,0
720,14148,0,1
721,12811,0,0
722,11320,0,0
723,12785,0,0
724,12808,0,0
725,3059,1,0
726,17781,0,0
727,7922,0,0
728,851,0,0
729,16107,0,0
730,3038,1,0
731,11228,0,0
732,7545,0,0
733,14880,0,0
734,20342,0,0
735,16396,0,0
736,397,0,1
737,3687,1,1
738,16023,0,0
739,18560,0,0
740,10514,0,0
741,18142,0,0
742,686,0,0
743,12530,0,0
744,17644,0,0
745,21166,0,0
746,17046,0,0
747,20745,0,0
748,16400,0,0
749,5061,0,0
750,12882,1,0
751,5684,0,0
752,20422,0,0
753,2799,1,0
754,15265,0,0
755,13756,1,0
756,20911,0,0
757,20501,0,0
758,19030,0,0
759,8299,0,0
760,5252,1,0
761,17986,0,0
762,12591,0,0
763,17881,0,0
764,11454,0,0
765,15400,0,0
766,20032,0,0
767,2688,0,0
768,20503,0,0
769,17090,0,0
770,10167,0,0
771,10221,0,0
772,17027,0,0
773,18522,0,0
774,15300,1,0
775,1933,0,0
776,10903,1,1
777,16782,0,0
778,5420,1,0
779,6160,1,0
780,12292,0,0
781,12849,1,0
782,10855,1,0
783,5276,1,0
784,2706,1,0
785,14417,1,0
786,7566,0,0
787,11412,1,1
788,11935,0,0
789,20604,1,0
790,4539,0,0
791,16045,0,0
792,11257,0,0
793,17572,1,0
794,17972,1,0
795,20064,0,0
796,14505,0,0
797,135,0,0
798,13619,0,0
799,14886,0,0
800,18327,0,0
801,21313,0,0
802,5973,1,0
803,21454,0,0
804,16097,0,0
805,3993,1,0
806,16760,0,0
807,20889,0,0
808,10243,0,0
809,12225,1,0
810,18934,0,0
811,6285,0,0
812,16486,0,0
813,5809,0,0
814,2187,0,0
815,4328,0,0
816,15872,1,0
817,15426,0,0
818,10656,0,0
819,16554,0,0
820,8215,0,0
821,17091,0,0
822,16868,0,0
823,18720,0,0
824,7670,1,0
825,17481,0,0
826,3609,0,0
827,20718,0,0
828,11205,0,0
829,1131,1,0
830,14204,0,0
831,19189,0,0
832,17253,0,0
833,20242,1,0
834,18023,0,0
835,2098,1,0
836,15952,1,0
837,11659,0,0
838,20402,0,0
839,2398,0,0
840,5071,0,0
841,17803,1,0
842,18904,0,0
843,15830,0,0
844,15563,0,0
845,13855,0,0
846,18241,0,0
847,10795,0,0
848,18602,0,0
849,18352,1,1
850,18917,0,0
851,12145,1,0
852,16556,0,0
853,18517,0,0
854,17170,0,0
855,21930,0,0
856,828,1,0
857,10701,0,0
858,17725,0,0
859,7783,0,0
860,9435,0,0
861,314,0,0
862,13961,1,0
863,14785,0,1
864,13608,0,0
865,20484,0,0
866,16212,0,0
867,406,0,0
868,7539,0,0
869,7965,0,0
870,16143,0,0
871,15646,0,0
872,16398,0,0
873,16888,0,0
874,20309,0,0
875,21520,0,0
876,19065,1,0
877,2102,0,0
878,3696,0,0
879,16999,0,0
880,15820,0,0
881,18703,0,0
882,19145,0,0
883,13902,0,0
884,14454,0,0
885,14645,0,0
886,3747,0,0
887,14268,0,0
888,11722,0,0
889,1098,1,0
890,18819,0,0
891,21452,1,0
892,18772,0,0
893,5823,0,0
894,2017,1,0
895,19934,0,0
896,14598,1,0
897,1048,1,0
898,10844,0,0
899,14777,1,0
900,6063,0,0
901,15744,0,0
902,7448,1,0
903,16076,0,0
904,1140,0,0
905,19879,0,0
906,3803,0,0
907,15745,0,0
908,14816,0,0
909,14044,0,0
910,18224,1,0
911,17277,0,0
912,996,1,0
913,4166,0,0
914,15240,1,1
915,166,0,0
916,1560,0,0
917,21087,1,0
918,17545,0,0
919,19062,0,0
920,18341,0,0
921,19652,0,0
922,15519,0,0
923,16106,1,0
924,6558,0,0
925,10194,0,0
926,4085,0,0
927,20068,1,0
928,14581,0,0
929,12768,0,0
930,14591,0,0
931,14110,0,0
932,18667,0,0
933,1492,0,0
934,18272,0,0
935,20408,0,0
936,17305,0,0
937,4482,0,0
938,10411,0,0
939,11132,0,0
940,4087,0,0
941,20485,0,0
942,4137,0,0
943,14290,0,0
944,14084,0,0
945,4458,1,1
946,17375,1,0
947,8013,0,0
948,8499,1,0
949,13343,1,0
950,16016,0,0
951,20601,0,0
952,9949,1,0
953,15575,0,0
954,17933,1,0
955,15868,0,0
956,608,1,0
957,1314,0,0
958,19838,1,1
959,3035,0,0
960,12726,0,0
961,11843,0,0
962,3722,0,0
963,20778,1,0
964,10181,0,0
965,18847,0,0
966,10940,1,1
967,18549,0,0
968,10197,0,0
969,11169,0,0
970,18836,0,0
971,13655,0,0
972,10123,1,0
973,14989,0,0
974,18467,0,0
975,7801,0,0
976,17262,0,0
977,5687,0,0
978,4502,0,0
979,356,0,0
980,16708,0,0
981,20478,0,0
982,6297,0,0
983,14550,0,0
984,3255,0,0
985,15819,0,0
986,18421,0,0
987,10553,1,0
988,4304,0,0
989,20619,0,0
990,16060,0,0
991,6944,0,0
992,14903,0,0
993,11232,0,0
994,14694,0,0
995,19298,0,0
996,4944,0,0
997,6070,1,0
998,21271,0,0
999,18857,0,0
1000,21224,0,0
1001,12353,0,0
1002,20243,0,0
1003,2206,0,1
1004,16441,1,0
1005,8548,0,0
1006,16652,0,0
1007,4581,0,0
1008,20848,0,0
1009,18922,0,0
1010,19866,0,0
1011,19029,0,0
1012,16526,1,0
1013,6580,0,0
1014,21077,0,0
1015,17256,0,0
1016,21294,0,0
1017,2043,0,0
1018,1838,0,0
1019,11979,1,0
1020,4444,1,0
1021,7800,0,0
1022,13275,1,0
1023,2730,0,0
1024,10808,0,0
1025,17419,0,0
1026,20858,0,0
1027,14892,0,0
1028,20608,1,0
1029,215,0,0
1030,20937,0,0
1031,20318,0,0
1032,18436,0,0
1033,5595,1,0
1034,7473,0,0
1035,17484,0,0
1036,14221,0,0
1037,3144,0,0
1038,4510,0,0
1039,18907,0,0
1040,3556,0,0
1041,17061,0,0
1042,5942,1,0
1043,10511,1,0
1044,15292,0,0
1045,2810,0,0
1046,11745,0,0
1047,18457,0,0
1048,10497,0,0
1049,6560,0,0
1050,8433,0,0
1051,14845,0,0
1052,164,1,0
1053,16164,0,0
1054,13434,0,0
1055,18172,0,0
1056,15709,0,0
1057,11518,1,0
1058,16182,0,0
1059,8592,0,0
1060,16700,1,0
1061,6415,0,0
1062,8772,1,0
1063,19999,0,0
1064,5060,0,0
1065,4037,0,0
1066,9302,0,0
1067,2818,0,0
1068,21291,0,0
1069,14303,1,0
1070,10540,0,0
1071,16830,0,0
1072,8139,0,0
1073,5214,0,0
1074,14349,0,0
1075,12238,0,0
1076,13172,0,0
1077,13672,0,0
1078,12094,1,0
1079,776,0,1
1080,19552,1,0
1081,9439,0,0
1082,11258,0,0
1083,19818,0,0
1084,16376,0,0
1085,17208,0,0
1086,18482,0,0
1087,10913,0,0
1088,14572,0,0
1089,17992,0,0
1090,11957,0,0
1091,17635,0,0
1092,17617,0,0
1093,19604,0,0
1094,14143,0,0
1095,18492,0,0
1096,11401,1,1
1097,17931,0,0
1098,16835,0,0
1099,19140,0,0
1100,17047,0,0
1101,18685,0,0
1102,20429,0,0
1103,18732,0,0
1104,13620,0,0
1105,21485,0,0
1106,20719,0,0
1107,19749,0,0
1108,6723,0,0
1109,15560,0,0
1110,7554,1,0
1111,208,1,0
1112,15063,0,0
1113,15346,0,0
1114,7420,0,0
1115,7503,1,0
1116,5593,0,0
1117,9479,1,0
1118,16705,0,0
1119,13551,0,0
1120,19688,1,0
1121,11710,0,0
1122,17329,0,0
1123,17953,0,0
1124,16244,0,0
1125,18942,0,0
1126,11725,0,0
1127,16838,1,0
1128,16042,0,0
1129,13159,0,0
1130,15752,0,0
1131,19671,0,0
1132,2998,0,0
1133,2566,0,0
1134,6213,0,0
1135,15222,0,0
1136,9766,1,0
1137,5836,0,0
1138,3522,0,0
1139,18183,0,0
1140,19811,0,0
1141,14116,0,0
1142,11451,1,0
1143,17824,0,0
1144,13060,0,0
1145,13758,0,0
1146,170,0,0
1147,668,0,0
1148,13970,0,0
1149,415,0,0
1150,17388,0,0
1151,1336,0,0
1152,14211,0,0
1153,2933,0,0
1154,10161,1,0
1155,3474,1,0
1156,1752,0,0
1157,17309,0,0
1158,18298,0,0
1159,20144,0,0
1160,14787,0,0
1161,19070,0,0
1162,1196,1,0
1163,1784,0,0
1164,15204,0,0
1165,21226,0,0
1166,10713,0,0
1167,4259,0,0
1168,15817,0,0
1169,17296,0,0
1170,14090,1,0
1171,16394,1,0
1172,14472,0,0
1173,313,0,0
1174,18115,0,0
1175,20823,0,0
1176,17583,0,0
1177,16157,1,0
1178,3170,0,0
1179,16235,0,0
1180,18053,1,0
1181,8819,1,0
1182,15589,0,0
1183,14310,0,0
1184,20686,0,0
1185,10209,0,0
1186,18974,0,0
1187,1029,0,0
1188,20914,0,0
1189,2085,0,0
1190,14002,0,0
1191,16567,0,0
1192,16411,0,0
1193,3005,0,0
1194,21674,0,0
1195,18854,0,0
1196,21904,0,0
1197,10090,0,0
1198,19434,0,0
1199,8660,0,0
1200,5767,0,0
1201,15498,0,0
1202,2569,0,0
1203,1796,0,0
1204,18303,0,0
1205,687,1,0
1206,2635,0,0
1207,15163,1,0
1208,185,0,0
1209,20578,0,0
1210,15521,0,0
1211,17584,0,0
1212,17564,0,0
1213,14540,0,0
1214,12137,0,0
1215,14053,1,0
1216,17790,0,0
1217,18317,0,0
1218,18986,0,0
1219,1355,0,0
1220,230,1,0
1221,17699,0,0
1222,12819,0,0
1223,16342,0,0
1224,15608,0,0
1225,10740,0,0
1226,21149,0,0
1227,21050,0,0
1228,15137,0,0
1229,20319,0,0
1230,5959,1,0
1231,20819,0,0
1232,7763,0,0
1233,3855,0,0
1234,3656,0,0
1235,16356,0,0
1236,20161,0,0
1237,12183,0,0
1238,16171,0,0
1239,19891,0,0
1240,16408,1,0
1241,11390,0,0
1242,12945,0,0
1243,18619,0,0
1244,4927,1,1
1245,12371,0,0
1246,11981,0,0
1247,3015,1,0
1248,16272,0,0
1249,16064,0,0
1250,2181,0,0
1251,14194,1,1
1252,19505,0,0
1253,6667,0,0
1254,20950,1,0
1255,17430,0,0
1256,20635,0,0
1257,16968,0,0
1258,17120,1,0
1259,21667,0,0
1260,2458,0,0
1261,18176,0,0
1262,18513,0,0
1263,17554,0,0
1264,16006,1,0
1265,844,0,0
1266,18208,0,0
1267,20610,0,0
1268,2643,0,0
1269,11824,0,0
1270,16881,0,0
1271,19597,0,0
1272,21309,0,0
1273,1556,0,0
1274,4792,1,0
1275,16084,0,0
1276,16864,0,0
1277,15173,0,0
1278,14217,1,0
1279,5228,0,0
1280,15383,0,0
1281,8587,0,0
1282,17058,1,0
1283,19333,0,0
1284,13932,0,0
1285,19362,0,0
1286,10672,1,0
1287,19930,0,1
1288,8594,0,0
1289,6926,1,0
1290,19900,0,0
1291,8741,0,0
1292,17354,0,0
1293,16490,0,0
1294,20983,0,0
1295,20644,0,0
1296,12195,1,0
1297,1932,0,0
1298,536,0,0
1299,18610,1,0
1300,17378,0,0
1301,21349,0,0
1302,74,1,0
1303,1028,1,0
1304,14262,0,0
1305,11944,0,0
1306,11973,0,0
1307,17016,0,0
1308,15840,0,0
1309,21486,0,0
1310,4544,1,0
1311,20087,0,0
1312,3961,0,0
1313,17416,1,0
1314,6503,0,0
1315,14164,0,0
1316,3342,0,0
1317,17763,0,0
1318,14433,0,0
1319,20216,0,0
1320,10898,1,0
1321,13774,1,0
1322,13795,1,0
1323,5474,0,0
1324,17493,0,0
1325,17708,0,0
1326,20666,0,0
1327,3702,0,0
1328,10984,0,0
1329,21936,0,0
1330,16749,0,0
1331,8881,0,0
1332,17104,0,0
1333,20076,0,0
1334,4503,0,0
1335,16541,0,0
1336,5645,0,0
1337,3616,1,0
1338,17340,0,0
1339,21169,0,0
1340,19571,0,0
1341,9904,0,0
1342,20750,0,0
1343,7988,0,0
1344,16233,0,0
1345,8199,0,0
1346,30,1,0
1347,20878,1,0
1348,12460,1,0
1349,21552,0,0
1350,15551,0,0
1351,5913,0,0
1352,15776,0,0
1353,17536,0,0
1354,7020,0,0
1355,19081,0,0
1356,17595,0,0
1357,16276,0,0
1358,18418,0,0
1359,18345,0,0
1360,17727,0,0
1361,20082,0,0
1362,17952,0,0
1363,12917,0,0
1364,19424,0,0
1365,15928,1,0
1366,18562,0,0
1367,11833,0,0
1368,15512,1,0
1369,6515,0,0
1370,7261,1,0
1371,9347,0,0
1372,8924,0,0
1373,18289,0,0
1374,16119,1,0
1375,19651,1,0
1376,5082,0,0
1377,8354,0,0
1378,2509,1,0
1379,16987,0,0
1380,578,0,0
1381,7406,0,0
1382,2682,0,0
1383,18027,0,0
1384,15379,0,0
1385,15045,0,0
1386,19398,0,0
1387,13649,0,0
1388,17582,0,0
1389,14519,0,0
1390,1117,0,0
1391,21644,0,0
1392,21839,0,0
1393,5135,0,0
1394,14071,0,0
1395,16287,0,0
1396,21330,0,0
1397,6010,0,0
1398,7452,1,0
1399,20985,0,0
1400,13735,0,0
1401,15502,0,0
1402,21916,0,0
1403,10418,1,0
1404,8435,0,0
1405,191,0,0
1406,10070,0,0
1407,5537,0,0
1408,16281,0,0
1409,3721,0,0
1410,272,1,0
1411,21493,0,0
1412,12671,0,0
1413,244,0,0
1414,10846,0,0
1415,18429,0,0
1416,11445,1,1
1417,16587,0,0
1418,18309,0,0
1419,16167,0,0
1420,823,0,0
1421,12973,0,0
1422,11794,0,0
1423,19036,0,0
1424,18899,0,0
1425,14952,0,0
1426,8692,0,0
1427,17608,0,0
1428,2166,0,0
1429,15177,0,0
1430,3313,0,0
1431,12412,0,0
1432,16185,0,0
1433,17762,0,0
1434,5346,0,0
1435,17347,1,0
1436,16500,1,0
1437,19474,0,0
1438,17671,0,0
1439,17616,0,0
1440,10990,0,0
1441,16893,0,0
1442,11199,0,0
1443,16698,0,0
1444,14849,0,0
1445,14095,0,0
1446,16631,1,0
1447,281,1,0
1448,20523,0,0
1449,7899,0,0
1450,13300,0,0
1451,3728,0,0
1452,18886,0,0
1453,9103,0,0
1454,18653,1,0
1455,14355,0,0
1456,15994,0,0
1457,19498,0,0
1458,8885,0,0
1459,11724,0,0
1460,17261,0,0
1461,17281,0,0
1462,3353,0,0
1463,5040,0,0
1464,19267,0,0
1465,19471,1,0
1466,8508,1,0
1467,6582,0,0
1468,17942,0,0
1469,14770,0,0
1470,20285,0,0
1471,18595,0,0
1472,3520,0,0
1473,14242,0,0
1474,20061,1,0
1475,17175,0,0
1476,14527,0,0
1477,5138,1,0
1478,17142,0,0
1479,13720,0,0
1480,11841,1,0
1481,10199,1,1
1482,16323,0,0
1483,3238,0,0
1484,16304,0,0
1485,4685,0,0
1486,14342,0,0
1487,5273,1,0
1488,20419,0,0
1489,9365,0,0
1490,17594,0,0
1491,15406,1,1
1492,3329,0,0
1493,8350,1,1
1494,15009,1,0
1495,16224,0,0
1496,21051,0,0
1497,11074,1,0
1498,12485,0,0
1499,14350,0,0
1500,18112,0,0
1501,16710,0,0
1502,20607,0,0
1503,17676,0,0
1504,20418,0,0
1505,17871,0,0
1506,2767,0,0
1507,5674,0,0
1508,10455,0,0
1509,17394,0,0
1510,17640,0,0
1511,21021,1,0
1512,14668,0,0
1513,489,1,1
1514,19560,0,0
1515,10400,0,0
1516,8637,0,0
1517,20073,0,0
1518,6338,0,0
1519,15427,0,0
1520,14879,1,0
1521,21422,0,0
1522,18859,0,0
1523,12630,0,0
1524,20662,0,0
1525,6550,0,0
1526,20178,0,0
1527,11394,0,0
1528,19399,0,0
1529,13163,1,0
1530,11594,0,0
1531,20091,0,0
1532,17160,0,1
1533,11876,0,0
1534,14710,1,0
1535,16670,0,0
1536,14724,0,0
1537,5688,1,0
1538,14253,0,0
1539,17194,0,0
1540,106,0,0
1541,10781,1,0
1542,17148,0,0
1543,17548,0,0
1544,15917,0,0
1545,20996,0,0
1546,2310,0,0
1547,17922,0,0
1548,19177,0,0
1549,18757,0,0
1550,19370,0,0
1551,18588,0,0
1552,13544,1,0
1553,137,0,0
1554,16982,0,0
1555,14341,0,0
1556,334,0,0
1557,15873,1,0
1558,17646,1,1
1559,16859,0,0
1560,173,1,0
1561,20506,0,0
1562,3250,1,0
1563,4864,0,0
1564,7919,0,0
1565,3132,0,0
1566,14485,1,0
1567,18368,0,0
1568,21284,0,0
1569,3644,0,0
1570,2247,0,0
1571,12207,1,0
1572,13438,0,0
1573,14408,0,0
1574,14500,0,0
1575,12285,0,0
1576,2240,0,0
1577,2935,1,0
1578,602,1,1
1579,3700,0,0
1580,9024,0,0
1581,7483,0,0
1582,14754,0,0
1583,19501,1,0
1584,19889,0,0
1585,2471,0,0
1586,14579,0,0
1587,13699,1,0
1588,21459,0,0
1589,16776,0,0
1590,4199,0,0
1591,15421,0,0
1592,21568,0,0
1593,14995,0,0
1594,15654,0,0
1595,8138,1,0
1596,21949,0,0
1597,14136,0,0
1598,12537,0,0
1599,5349,0,0
1600,17460,1,0
1601,14111,0,0
1602,156,0,0
1603,8901,0,0
1604,7776,0,0
1605,13294,0,0
1606,18078,1,0
1607,10365,0,0
1608,16635,0,0
1609,3525,0,0
1610,18264,0,0
1611,8283,0,0
1612,9044,0,0
1613,16249,0,0
1614,16537,0,0
1615,32,0,0
1616,17371,0,0
1617,53,0,0
1618,21386,0,0
1619,14811,1,0
1620,16862,0,0
1621,19596,0,0
1622,2062,0,0
1623,12913,0,0
1624,20372,0,0
1625,19778,0,0
1626,8404,0,0
1627,6124,0,0
1628,3824,0,0
1629,20346,0,0
1630,21479,0,0
1631,16328,0,0
1632,1849,1,0
1633,20984,0,0
1634,17718,0,0
1635,15077,0,1
1636,16842,0,0
1637,20747,0,0
1638,716,0,0
1639,7699,0,1
1640,19389,0,0
1641,15404,0,0
1642,19447,0,0
1643,5345,0,0
1644,17574,0,0
1645,18635,0,0
1646,4346,0,0
1647,15067,0,0
1648,8526,0,0
1649,13437,0,0
1650,19330,0,0
1651,20831,0,0
1652,763,0,0
1653,10711,0,0
1654,2470,0,0
1655,7818,1,0
1656,14228,0,0
1657,18280,0,0
1658,5411,1,0
1659,8284,0,0
1660,14895,0,0
1661,8368,0,0
1662,17830,0,0
1663,14555,0,0
1664,21171,0,0
1665,12734,0,0
1666,19472,0,0
1667,19942,0,0
1668,18215,0,0
1669,20531,0,0
1670,4135,0,0
1671,5822,0,0
1672,21324,0,0
1673,11779,0,0
1674,18032,0,1
1675,18042,0,0
1676,16633,0,0
1677,4921,0,0
1678,16183,0,0
1679,15673,1,0
1680,11098,0,0
1681,14994,0,0
1682,6261,0,0
1683,16221,1,0
1684,20278,0,0
1685,15907,0,0
1686,17293,0,0
1687,4500,0,0
1688,19329,0,0
1689,16912,0,0
1690,10529,0,0
1691,15938,0,0
1692,17630,0,0
1693,19354,0,0
1694,4255,0,0
1695,18705,0,0
1696,19120,0,0
1697,21398,0,0
1698,8737,0,0
1699,26,1,0
1700,15821,0,0
1701,5872,1,0
1702,21234,0,0
1703,1704,0,0
1704,13417,0,0
1705,11500,0,0
1706,16496,0,0
1707,21833,1,0
1708,10639,0,0
1709,4653,1,0
1710,16136,0,0
1711,21484,0,0
1712,7345,0,0
1713,5449,0,0
1714,13194,0,0
1715,15963,1,0
1716,8878,0,0
1717,21788,0,0
1718,7978,0,0
1719,6724,1,0
1720,15355,1,0
1721,11043,0,0
1722,3385,0,0
1723,19091,0,0
1724,318,1,0
1725,10388,0,0
1726,20412,0,0
1727,17706,0,0
1728,3664,1,0
1729,12409,0,0
1730,18186,0,0
1731,15968,0,0
1732,1246,1,0
1733,16361,1,0
1734,2889,0,0
1735,13744,0,0
1736,18778,0,0
1737,13971,1,0
1738,19606,1,0
1739,21609,0,0
1740,15019,0,0
1741,8561,0,0
1742,14080,1,0
1743,9348,0,0
1744,18951,0,0
1745,7756,1,0
1746,541,1,0
1747,8087,0,0
1748,16569,0,0
1749,17752,0,0
1750,18449,0,0
1751,5438,1,0
1752,11370,0,0
1753,18029,0,0
1754,14876,0,0
1755,19431,0,0
1756,12010,0,0
1757,18038,0,0
1758,15756,0,0
1759,20580,0,0
1760,18872,0,0
1761,3542,0,0
1762,14718,1,0
1763,3030,0,0
1764,10490,0,0
1765,14337,0,0
1766,16041,1,0
1767,21406,0,0
1768,12414,0,0
1769,4338,0,0
1770,18136,1,0
1771,18687,0,0
1772,13803,0,0
1773,1102,0,0
1774,14835,0,0
1775,18679,0,0
1776,13967,0,0
1777,21776,0,0
1778,15395,0,0
1779,16059,1,0
1780,18845,1,0
1781,12761,0,0
1782,15025,1,0
1783,18004,0,0
1784,15735,0,0
1785,16043,0,0
1786,21528,0,0
1787,12519,0,0
1788,124,1,0
1789,15239,0,0
1790,1871,0,0
1791,11523,0,0
1792,17729,0,0
1793,16406,1,0
1794,16666,0,0
1795,18572,0,0
1796,5205,1,0
1797,20665,0,0
1798,12939,0,0
1799,1378,0,0
1800,14778,0,0
1801,5900,1,0
1802,7434,0,0
1803,11160,0,0
1804,15882,0,0
1805,18820,1,0
1806,4772,0,0
1807,11854,0,0
1808,19676,0,0
1809,3726,0,0
1810,12905,0,0
1811,2169,0,0
1812,15329,0,0
1813,19628,0,0
1814,488,1,1
1815,16922,0,0
1816,10403,0,0
1817,17728,0,0
1818,20532,0,0
1819,17422,0,0
1820,3532,0,0
1821,15887,0,0
1822,15615,0,0
1823,18135,1,0
1824,3746,0,0
1825,10313,0,0
1826,16450,1,0
1827,4205,0,0
1828,19332,0,0
1829,15102,0,0
1830,14468,0,0
1831,14462,0,0
1832,604,0,0
1833,14968,1,0
1834,15628,0,0
1835,17990,0,0
1836,654,0,0
1837,21401,0,0
1838,826,0,0
1839,7797,0,0
1840,16865,0,0
1841,18612,0,0
1842,17978,1,0
1843,7290,0,0
1844,16694,0,0
1845,11898,0,0
1846,15607,0,0
1847,18367,0,0
1848,17504,0,0
1849,14279,0,0
1850,17103,1,0
1851,14521,0,0
1852,12705,0,0
1853,11805,0,0
1854,20673,0,0
1855,12039,0,0
1856,11644,0,0
1857,18893,1,0
1858,10780,0,0
1859,6830,1,0
1860,9156,0,0
1861,15969,0,0
1862,18648,1,0
1863,1433,0,0
1864,19138,0,0
1865,2854,1,0
1866,17313,0,0
1867,20715,1,0
1868,20247,0,0
1869,11164,0,0
1870,10488,1,0
1871,15788,0,0
1872,20169,0,0
1873,571,0,0
1874,5416,1,0
1875,19796,1,0
1876,17238,0,0
1877,7945,0,0
1878,21524,1,0
1879,21011,0,0
1880,12294,1,0
1881,9151,0,0
1882,16804,0,0
1883,14976,0,0
1884,17442,0,0
1885,17380,0,0
1886,8288,0,0
1887,664,0,0
1888,13831,0,0
1889,13850,0,0
1890,16340,0,0
1891,3471,1,0
1892,20815,1,0
1893,18391,0,0
1894,16015,0,0
1895,16449,0,0
1896,19133,0,0
1897,11081,0,0
1898,16643,0,0
1899,19273,0,0
1900,14275,0,0
1901,19819,0,0
1902,11776,0,0
1903,11684,1,0
1904,13123,0,0
1905,15396,0,0
1906,17476,0,0
1907,21437,0,0
1908,17083,0,0
1909,12596,1,0
1910,144,0,0
1911,4288,0,0
1912,15151,1,0
1913,18320,0,0
1914,10987,0,0
1915,7476,0,0
1916,13041,0,0
1917,16852,0,0
1918,19006,0,0
1919,17513,0,0
1920,4822,0,0
1921,7549,0,0
1922,9057,1,0
1923,15666,0,0
1924,7311,0,0
1925,21159,0,0
1926,11227,0,0
1927,17997,1,0
1928,3902,0,0
1929,7709,0,0
1930,15397,0,0
1931,10489,0,0
1932,20452,0,0
1933,14875,0,0
1934,20406,0,0
1935,228,0,0
1936,13737,0,0
1937,19400,1,0
1938,15075,0,0
1939,3230,0,0
1940,21345,0,0
1941,18861,0,0
1942,19226,0,0
1943,19877,0,0
1944,13556,0,0
1945,15135,1,0
1946,10802,0,0
1947,17420,0,0
1948,6031,0,0
1949,16420,0,0
1950,21282,0,0
1951,14280,0,0
1952,12338,0,0
1953,4865,0,0
1954,12248,0,0
1955,17214,0,0
1956,10899,0,0
1957,15456,0,0
1958,18149,0,0
1959,11737,0,0
1960,21571,0,0
1961,13891,1,0
1962,21207,0,0
1963,20622,0,0
1964,9,0,0
1965,20490,0,0
1966,14258,0,0
1967,8173,0,0
1968,16561,0,0
1969,17893,0,0
1970,14765,0,0
1971,20230,0,0
1972,5763,1,0
1973,8038,1,0
1974,7583,0,0
1975,13766,0,0
1976,20788,0,0
1977,562,1,0
1978,15078,0,0
1979,194,0,0
1980,12008,0,0
1981,19511,0,0
1982,330,1,0
1983,8564,0,0
1984,8259,0,0
1985,12180,1,0
1986,16798,0,0
1987,1797,0,0
1988,12766,0,0
1989,17787,0,0
1990,18445,0,0
1991,21469,0,0
1992,17241,1,0
1993,10790,0,0
1994,3583,1,1
1995,150,0,0
1996,14538,0,0
1997,21560,0,0
1998,16702,1,0
1999,7845,1,0
2000,20048,0,0
2001,4036,0,0
2002,11738,0,0
2003,15213,0,0
2004,14393,0,0
2005,13460,0,0
2006,63,0,0
2007,15537,0,0
2008,14072,0,0
2009,5613,0,0
2010,19713,0,0
2011,20781,0,0
2012,3875,0,0
2013,21925,0,0
2014,5784,0,0
2015,18799,0,0
2016,3428,1,1
2017,20860,0,0
2018,4677,0,0
2019,17910,0,0
2020,58,0,0
2021,21326,0,0
2022,7062,0,0
2023,2428,0,0
2024,16305,0,0
2025,15253,0,0
2026,15929,0,0
2027,9223,0,0
2028,3324,0,0
2029,17666,0,0
2030,19428,0,0
2031,16360,0,0
2032,4914,0,0
2033,14061,0,0
2034,5312,1,0
2035,6874,0,0
2036,16222,0,0
2037,7,0,0
2038,21534,0,0
2039,13158,0,0
2040,6,0,0
2041,8852,1,0
2042,4951,0,0
2043,15276,0,0
2044,4963,0,0
2045,5961,0,0
2046,12661,0,0
2047,13249,0,0
2048,3829,0,0
2049,14329,0,0
2050,16003,0,0
2051,14559,0,0
2052,21457,0,0
2053,17116,0,0
2054,16150,0,0
2055,11860,0,0
2056,3778,1,0
2057,16025,0,0
2058,2093,1,0
2059,19638,0,0
2060,13033,0,0
2061,9506,0,0
2062,17489,0,0
2063,15283,0,0
2064,2780,0,0
2065,1103,1,0
2066,9010,0,0
2067,18744,1,0
2068,10708,0,0
2069,1150,1,0
2070,18216,0,0
2071,8855,0,0
2072,14326,1,0
2073,16668,0,0
2074,1176,0,0
2075,2197,0,0
2076,20130,0,0
2077,14421,0,0
2078,16553,0,0
2079,11211,0,0
2080,20267,0,0
2081,3511,1,0
2082,14998,0,0
2083,3320,1,0
2084,13824,0,0
2085,9460,0,0
2086,16575,0,0
2087,12448,0,0
2088,16539,0,0
2089,13185,0,0
2090,21464,1,0
2091,17307,0,0
2092,11499,0,0
2093,20516,0,0
2094,15446,0,0
2095,11818,0,0
2096,14144,0,1
2097,2395,0,0
2098,14676,1,0
2099,19422,0,0
2100,20798,0,0
2101,16950,0,0
2102,21323,0,0
2103,13105,1,1
2104,2530,0,0
2105,12447,0,0
2106,16998,0,0
2107,2242,0,0
2108,19080,0,0
2109,8987,0,0
2110,21033,0,0
2111,21295,1,0
2112,21786,0,0
2113,455,0,0
2114,17368,0,0
2115,17037,1,0
2116,7408,1,0
2117,11536,0,0
2118,16820,0,0
2119,6183,0,0
2120,15960,0,0
2121,2962,0,0
2122,11287,0,0
2123,19430,0,0
2124,19774,0,0
2125,17206,0,0
2126,19757,0,0
2127,408,1,1
2128,21189,0,0
2129,19403,0,0
2130,18398,0,0
2131,21124,0,0
2132,2755,0,0
2133,16953,0,0
2134,18547,0,0
2135,21677,0,0
2136,18411,0,0
2137,14524,0,0
2138,13507,0,0
2139,14996,0,0
2140,187,1,0
2141,12411,0,0
2142,13078,0,0
2143,10901,0,0
2144,2996,0,0
2145,40,1,0
2146,16913,1,0
2147,16202,0,0
2148,19750,0,0
2149,13301,0,0
2150,4226,0,0
2151,14801,1,0
2152,11902,0,0
2153,16571,0,0
2154,8535,0,0
2155,18035,0,0
2156,13937,0,0
2157,5031,0,0
2158,14707,0,0
2159,9454,0,0
2160,14340,0,0
2161,6547,0,0
2162,16996,0,0
2163,17611,0,0
2164,20015,0,0
2165,8932,0,0
2166,20545,1,0
2167,3925,0,0
2168,19088,1,0
2169,15353,0,0
2170,14112,0,0
2171,19959,0,0
2172,12685,0,0
2173,5871,0,0
2174,1862,1,1
2175,5799,1,0
2176,10520,0,0
2177,11292,0,0
2178,14380,1,0
2179,8244,0,0
2180,14043,0,0
2181,19928,0,0
2182,16098,0,0
2183,11834,0,0
2184,15845,1,0
2185,335,0,0
2186,19219,0,0
2187,7437,0,0
2188,2207,0,0
2189,9192,0,0
2190,1210,1,0
2191,17677,0,0
2192,2907,0,0
2193,2319,0,0
2194,11429,1,0
2195,21912,0,0
2196,6267,0,0
2197,20569,0,0
2198,1038,0,0
2199,16644,0,0
2200,16785,0,0
2201,18232,0,0
2202,6805,0,0
2203,18344,0,0
2204,15409,0,0
2205,10646,0,0
2206,14042,0,0
2207,20704,0,0
2208,5296,0,0
2209,1894,0,0
2210,19383,1,0
2211,10376,0,0
2212,10877,0,0
2213,21025,0,0
2214,16363,0,0
2215,7497,0,0
2216,16192,0,0
2217,1458,0,0
2218,18511,1,1
2219,268,1,0
2220,6380,0,0
2221,19595,0,0
2222,5104,1,0
2223,8063,0,0
2224,16022,0,0
2225,5500,1,0
2226,9437,0,0
2227,19533,0,0
2228,19436,0,0
2229,17290,0,0
2230,18784,0,0
2231,8178,0,0
2232,4048,0,0
2233,17257,0,0
2234,7435,0,0
2235,19276,0,0
2236,3288,0,0
2237,14352,0,0
2238,477,0,0
2239,14905,1,0
2240,7647,1,0
2241,18231,0,0
2242,447,0,0
2243,12497,0,0
2244,7682,0,0
2245,6672,0,0
2246,17714,0,0
2247,1315,0,0
2248,17234,0,0
2249,16564,0,0
2250,11419,1,0
2251,19977,0,0
2252,4611,0,0
2253,64,0,0
2254,15751,0,0
2255,4916,0,0
2256,18662,0,0
2257,19639,0,0
2258,9572,0,0
2259,61,1,0
2260,1887,0,0
2261,12841,0,1
2262,3572,0,0
2263,15116,0,0
2264,12348,1,0
2265,17903,1,0
2266,20731,0,0
2267,17352,0,0
2268,14531,0,0
2269,8280,0,0
2270,20584,0,0
2271,14140,0,0
2272,11561,0,0
2273,16685,0,0
2274,15749,0,0
2275,19075,0,0
2276,18428,0,0
2277,15861,1,0
2278,12703,1,0
2279,17456,1,0
2280,14552,0,0
2281,14311,0,0
2282,17950,0,0
2283,11157,0,0
2284,14908,0,0
2285,16718,0,0
2286,893,1,0
2287,15703,0,0
2288,18333,0,0
2289,20667,1,0
2290,8446,0,0
2291,17421,0,0
2292,19611,0,0
2293,21141,0,0
2294,5732,0,0
2295,463,0,0
2296,2669,1,0
2297,18249,1,0
2298,16954,0,0
2299,18998,0,0
2300,9930,0,0
2301,16415,0,0
2302,19554,1,0
2303,8554,0,0
2304,573,0,0
2305,21894,0,0
2306,11650,0,0
2307,15661,0,0
2308,17087,0,0
2309,21513,0,0
2310,14520,0,0
2311,17742,0,0
2312,21120,0,0
2313,3224,0,0
2314,15192,0,0
2315,4428,1,0
2316,11029,1,1
2317,17319,0,0
2318,309,0,0
2319,19127,0,0
2320,13918,1,0
2321,14180,0,0
2322,11090,0,0
2323,10453,0,0
2324,17447,0,0
2325,17506,0,0
2326,13658,1,0
2327,11647,1,0
2328,17372,1,0
2329,18166,0,0
2330,13938,0,0
2331,19391,0,0
2332,9580,1,0
2333,16330,0,0
2334,20122,0,0
2335,19960,0,0
2336,17032,0,0
2337,3551,0,0
2338,10206,0,0
2339,12235,1,0
2340,10596,0,0
2341,21496,0,0
2342,19726,0,0
2343,101,0,0
2344,21645,0,0
2345,15339,0,0
2346,9928,0,0
2347,18745,0,0
2348,11666,0,1
2349,1465,0,0
2350,17118,0,0
2351,21566,0,0
2352,16232,1,1
2353,13306,0,0
2354,3116,1,1
2355,18760,0,0
2356,4826,0,0
2357,20057,0,0
2358,15186,0,0
2359,12969,0,0
2360,7246,0,0
2361,3284,0,0
2362,6610,0,0
2363,2188,1,0
2364,18593,0,0
2365,13030,1,1
2366,9401,0,0
2367,15998,1,0
2368,19737,0,0
2369,18987,0,0
2370,14233,0,0
2371,21841,0,0
2372,20217,0,0
2373,21547,0,1
2374,17738,1,0
2375,11636,0,0
2376,16527,0,0
2377,21384,0,0
2378,2086,0,0
2379,4652,0,0
2380,1050,0,0
2381,16745,0,0
2382,19271,0,0
2383,20158,0,0
2384,16570,0,0
2385,4939,0,0
2386,8725,0,0
2387,17736,0,0
2388,2003,0,0
2389,14617,0,0
2390,19873,0,0
2391,12975,0,0
2392,20171,0,0
2393,15613,0,0
2394,286,0,0
2395,17796,0,0
2396,14375,1,1
2397,17710,0,0
2398,20766,0,0
2399,9358,1,0
2400,18994,0,0
2401,17519,0,0
2402,2503,0,0
2403,12399,1,0
2404,7508,0,0
2405,16595,0,0
2406,19876,0,0
2407,3796,0,0
2408,11224,0,0
2409,13170,0,0
2410,9465,0,0
2411,17555,0,0
2412,15849,0,0
2413,14771,0,0
2414,10821,0,0
2415,17541,0,0
2416,18487,0,0
2417,13997,0,0
2418,20321,0,0
2419,14843,0,0
2420,6472,0,0
2421,8396,0,0
2422,21414,0,0
2423,21526,0,0
2424,517,0,0
2425,17622,0,0
2426,903,0,0
2427,20089,0,0
2428,4530,0,0
2429,6162,0,0
2430,7589,0,0
2431,14054,0,0
2432,939,0,0
2433,15838,1,0
2434,7675,1,0
2435,17316,0,0
2436,20520,0,0
2437,18036,0,0
2438,16529,0,0
2439,17189,1,0
2440,18692,0,0
2441,18698,0,0
2442,13561,0,0
2443,15191,0,0
2444,10501,0,0
2445,14331,1,0
2446,16959,0,0
2447,14034,0,0
2448,6871,0,0
2449,6036,1,0
2450,18417,0,0
2451,11428,0,0
2452,18326,0,0
2453,16310,0,0
2454,17875,1,0
2455,19195,0,0
2456,1635,0,0
2457,21381,0,0
2458,5641,0,0
2459,16123,0,0
2460,14931,0,0
2461,19685,0,0
2462,12738,0,0
2463,1482,0,0
2464,15525,0,0
2465,19843,0,1
2466,17726,0,0
2467,4291,0,0
2468,13358,0,0
2469,12756,0,0
2470,19380,0,0
2471,17854,0,0
2472,20679,1,0
2473,23,0,0
2474,69,1,1
2475,15050,0,0
2476,5117,1,0
2477,17709,0,0
2478,4089,0,0
2479,19513,0,0
2480,15038,0,0
2481,6590,0,0
2482,10968,0,0
2483,21914,0,0
2484,17902,0,0
2485,20235,0,0
2486,14854,0,0
2487,11530,0,0
2488,12220,1,0
2489,14748,0,0
2490,13727,1,0
2491,3202,0,0
2492,17975,0,0
2493,11163,0,0
2494,4813,0,0
2495,2781,0,0
2496,16302,0,0
2497,703,1,0
2498,21434,0,0
2499,10667,0,0
2500,8348,0,0
2501,21898,0,0
2502,4633,0,0
2503,19792,0,0
2504,20496,0,1
2505,18422,0,0
2506,20675,0,0
2507,21054,0,0
2508,14643,0,0
2509,15542,0,0
2510,18192,0,0
2511,14293,0,0
2512,9964,0,0
2513,16048,0,0
2514,5750,0,0
2515,17412,0,0
2516,10619,0,0
2517,20400,0,0
2518,18741,0,0
2519,18083,1,0
2520,14656,0,0
2521,10761,0,0
2522,7576,0,0
2523,14173,0,0
2524,1036,1,1
2525,10107,1,0
2526,13013,1,0
2527,21321,0,0
2528,16630,0,0
2529,19162,0,0
2530,1060,1,0
2531,18728,0,0
2532,15497,0,0
2533,16834,1,1
2534,16892,0,0
2535,18173,1,0
2536,3989,0,0
2537,21026,0,0
2538,149,0,0
2539,11420,0,0
2540,19049,0,0
2541,712,0,0
2542,16283,0,0
2543,14314,0,0
2544,7811,0,0
2545,3631,0,0
2546,11714,0,0
2547,5800,1,0
2548,1090,0,0
2549,7498,0,0
2550,5475,1,0
2551,4852,0,0
2552,16379,0,0
2553,14824,1,0
2554,17066,0,0
2555,16825,1,0
2556,19629,0,0
2557,20038,0,0
2558,19173,0,0
2559,8900,0,0
2560,17966,0,0
2561,16899,0,0
2562,16039,0,0
2563,1398,1,0
2564,14193,0,0
2565,16989,0,0
2566,21650,0,0
2567,1058,1,0
2568,17788,0,0
2569,10133,1,0
2570,20663,0,0
2571,2865,1,0
2572,3100,0,0
2573,18503,0,0
2574,14509,0,0
2575,20940,0,0
2576,9948,0,0
2577,629,0,0
2578,18075,1,0
2579,19468,0,0
2580,17923,0,0
2581,13807,1,0
2582,19494,0,0
2583,16317,0,0
2584,17165,0,0
2585,20634,0,0
2586,868,0,0
2587,14705,0,0
2588,13631,1,0
2589,13302,0,0
2590,18979,0,0
2591,10738,0,0
2592,2137,0,0
2593,16111,0,0
2594,315,0,0
2595,14929,0,0
2596,11314,0,0
2597,15933,0,0
2598,13587,0,0
2599,11823,0,0
2600,11721,0,0
2601,17633,0,0
2602,16932,1,0
2603,16440,0,0
2604,20921,0,0
2605,3812,0,0
2606,15144,0,0
2607,17516,1,0
2608,15859,0,0
2609,531,0,0
2610,17067,1,0
2611,13267,0,0
2612,21871,0,0
2613,17816,0,0
2614,11506,0,0
2615,11483,0,0
2616,14243,0,0
2617,919,0,0
2618,20954,0,0
2619,10169,0,0
2620,7953,0,0
2621,19933,0,0
2622,2221,0,0
2623,19435,0,0
2624,17012,0,0
2625,15505,0,0
2626,18006,0,0
2627,7446,0,0
2628,16737,1,0
2629,20890,0,0
2630,430,0,0
2631,20451,0,0
2632,19214,0,0
2633,19262,1,1
2634,19125,0,0
2635,11259,1,0
2636,15111,0,0
2637,19591,0,0
2638,4543,0,0
2639,287,1,0
2640,3087,0,0
2641,18625,0,0
2642,16282,0,0
2643,16691,0,0
2644,11601,0,0
2645,17327,0,0
2646,17896,0,0
2647,14616,0,0
2648,2488,0,0
2649,4068,0,0
2650,14004,0,0
2651,15686,1,0
2652,19416,0,0
2653,18813,0,0
2654,5362,0,0
2655,21105,0,0
2656,9224,0,0
2657,21110,0,0
2658,14372,0,1
2659,18125,0,0
2660,21807,0,0
2661,21913,0,0
2662,21895,0,0
2663,15165,0,0
2664,6568,0,0
2665,4923,0,0
2666,8021,0,0
2667,17275,0,0
2668,5916,0,0
2669,15835,0,0
2670,8436,0,0
2671,6735,0,0
2672,18584,0,0
2673,12122,0,0
2674,7795,0,0
2675,3209,0,0
2676,16422,0,0
2677,13793,0,0
2678,19180,0,0
2679,20843,0,0
2680,12837,0,0
2681,15230,0,0
2682,4561,0,0
2683,19155,0,0
2684,14571,0,0
2685,16118,0,0
2686,19915,0,0
2687,18557,0,0
2688,16092,0,0
2689,14963,0,0
2690,20513,0,0
2691,10841,0,0
2692,624,0,0
2693,15884,0,0
2694,21049,0,0
2695,17335,0,0
2696,7298,0,0
2697,146,1,0
2698,16531,0,0
2699,17963,1,0
2700,19382,0,0
2701,16783,0,0
2702,17011,1,0
2703,21542,1,0
2704,11810,1,0
2705,1271,0,0
2706,16799,0,0
2707,10816,1,0
2708,105,0,0
2709,15419,0,0
2710,11179,1,0
2711,14799,0,0
2712,1897,0,0
2713,7119,0,0
2714,476,0,0
2715,12762,0,0
2716,11741,0,0
2717,21540,0,0
2718,3101,0,0
2719,76,0,0
2720,8286,0,0
2721,17201,0,0
2722,10644,0,0
2723,18044,0,0
2724,18771,1,0
2725,18323,1,0
2726,17226,1,0
2727,8690,1,0
2728,1077,0,0
2729,15295,1,0
2730,8304,0,0
2731,21095,1,0
2732,18228,0,0
2733,12856,1,0
2734,14147,1,0
2735,426,0,0
2736,15926,0,0
2737,52,0,0
2738,13029,0,0
2739,12535,0,0
2740,20244,1,0
2741,8883,0,0
2742,18966,0,0
2743,16266,0,0
2744,13849,0,0
2745,5607,0,0
2746,16416,0,0
2747,3948,0,0
2748,21402,0,0
2749,3608,0,0
2750,7622,1,0
2751,3683,0,0
2752,21009,1,0
2753,21947,0,0
2754,5656,0,0
2755,10098,1,1
2756,2288,0,0
2757,630,1,0
2758,16445,0,0
2759,11233,0,0
2760,19857,0,0
2761,2381,0,0
2762,18767,0,0
2763,13295,1,0
2764,16916,0,0
2765,1543,1,0
2766,20723,0,0
2767,11050,0,0
2768,19353,0,0
2769,6996,0,0
2770,17074,0,0
2771,13332,0,0
2772,14659,0,0
2773,2437,0,0
2774,14431,1,0
2775,11903,0,0
2776,21446,1,0
2777,17700,0,0
2778,20683,0,0
2779,17233,0,0
2780,16678,0,0
2781,21642,0,0
2782,13206,1,0
2783,12037,0,0
2784,3985,0,0
2785,9707,0,0
2786,2529,0,0
2787,4930,0,0
2788,5264,0,0
2789,20099,0,0
2790,10814,0,0
2791,199,0,0
2792,8430,1,0
2793,5905,0,0
2794,21380,0,0
2795,20324,0,0
2796,12588,1,0
2797,16597,0,0
2798,11812,0,0
2799,6176,0,0
2800,17928,1,0
2801,16665,0,0
2802,19224,0,0
2803,4187,0,0
2804,221,0,0
2805,610,0,0
2806,6400,0,0
2807,16355,0,0
2808,16491,0,0
2809,13723,0,0
2810,20051,0,0
2811,15918,0,0
2812,19439,0,0
2813,12818,0,0
2814,14529,0,0
2815,19466,0,0
2816,17602,0,0
2817,19586,0,0
2818,276,0,0
2819,1716,0,0
2820,7807,0,0
2821,1171,0,1
2822,17785,0,0
2823,13929,1,0
2824,12960,1,1
2825,14566,0,1
2826,17784,0,0
2827,18950,0,0
2828,865,0,0
2829,16274,0,0
2830,2534,1,0
2831,18806,0,0
2832,13440,0,0
2833,10642,0,0
2834,8365,0,0
2835,21856,0,0
2836,19450,0,0
2837,10785,0,0
2838,19752,0,0
2839,17751,0,0
2840,3772,1,0
2841,19771,0,0
2842,16603,0,0
2843,204,0,0
2844,15330,1,0
2845,14859,0,0
2846,16781,0,0
2847,15229,0,0
2848,21129,0,0
2849,18968,0,0
2850,17218,0,0
2851,21358,0,0
2852,20098,0,0
2853,14947,0,0
2854,12792,1,0
2855,14702,0,0
2856,16593,0,0
2857,1407,0,0
2858,13641,1,0
2859,1,1,0
2860,14354,0,0
2861,17979,1,0
2862,15370,0,0
2863,18626,0,0
2864,21135,0,0
2865,21043,0,0
2866,13873,0,0
2867,12573,0,0
2868,14039,0,0
2869,3280,0,0
2870,11792,0,0
2871,13036,0,0
2872,18815,0,0
2873,17884,0,0
2874,5153,0,0
2875,15710,0,0
2876,14121,0,0
2877,2309,0,0
2878,3713,0,0
2879,172,0,0
2880,6694,1,1
2881,6006,1,0
2882,20728,0,0
2883,5039,0,0
2884,5580,0,0
2885,21415,0,0
2886,20310,0,0
2887,19735,0,0
2888,2600,0,0
2889,21490,0,0
2890,19135,0,0
2891,12755,1,0
2892,9062,0,0
2893,18361,0,0
2894,19386,0,0
2895,16946,0,0
2896,5241,0,0
2897,17454,0,0
2898,1187,0,0
2899,15272,0,0
2900,15610,0,0
2901,19225,0,0
2902,2634,0,0
2903,18888,0,0
2904,815,0,0
2905,18491,1,0
2906,20700,1,0
2907,18924,0,0
2908,10971,0,0
2909,17637,0,0
2910,15280,1,0
2911,1919,1,0
2912,21818,0,0
2913,21352,0,0
2914,20732,0,0
2915,21431,0,0
2916,18826,1,0
2917,7707,0,0
2918,10956,0,0
2919,8542,0,0
2920,17183,0,0
2921,3041,0,0
2922,17444,0,0
2923,15891,0,0
2924,12812,0,0
2925,19803,0,1
2926,16734,0,0
2927,18103,0,0
2928,8715,1,0
2929,15692,0,0
2930,11809,0,0
2931,20314,0,0
2932,16165,0,0
2933,3223,0,0
2934,16549,0,0
2935,3310,1,0
2936,12736,0,0
2937,15643,1,0
2938,19935,0,0
2939,21311,0,0
2940,20404,0,0
2941,18379,0,0
2942,14442,0,0
2943,18329,0,0
2944,17965,0,0
2945,21066,0,0
2946,2949,1,0
2947,18296,0,0
2948,1884,1,0
2949,16562,0,0
2950,19044,1,0
2951,20726,1,0
2952,16095,1,0
2953,6001,0,0
2954,9971,0,0
2955,14902,0,0
2956,21278,0,0
2957,21028,0,0
2958,18180,0,0
2959,16455,0,0
2960,12614,1,0
2961,7906,0,1
2962,15461,0,0
2963,4791,0,0
2964,3659,0,0
2965,17624,0,0
2966,15382,0,0
2967,14414,0,0
2968,6038,1,0
2969,19780,0,0
2970,15875,0,0
2971,3743,0,0
2972,7563,0,0
2973,8974,0,0
2974,2235,0,0
2975,8693,1,0
2976,19064,0,0
2977,7581,1,0
2978,17913,0,0
2979,14923,0,0
2980,14377,0,0
2981,16147,0,0
2982,5285,1,0
2983,11986,0,0
2984,14483,0,0
2985,18581,0,0
2986,21125,0,0
2987,13436,0,0
2988,11458,0,0
2989,719,0,0
2990,14680,0,0
2991,18450,0,0
2992,15315,1,0
2993,19517,1,0
2994,16962,0,0
2995,17225,0,0
2996,17333,0,0
2997,5352,1,0
2998,17382,1,0
2999,18369,0,0
3000,6357,0,0
3001,10037,0,0
3002,18376,0,0
3003,15430,1,0
3004,18061,1,0
3005,13870,0,0
3006,19508,0,0
3007,16640,0,0
3008,16495,0,0
3009,20998,0,0
3010,4881,0,0
3011,16639,0,0
3012,17813,0,0
3013,8374,0,0
3014,4072,0,0
3015,20439,0,0
3016,9544,1,0
3017,20541,0,0
3018,3947,1,0
3019,20540,0,0
3020,7294,0,0
3021,9320,1,0
3022,20925,0,0
3023,13223,1,0
3024,6444,0,0
3025,176,1,0
3026,14800,0,0
3027,17231,0,0
3028,21951,0,0
3029,18508,1,0
3030,21852,1,0
3031,4853,1,0
3032,9100,1,0
3033,17653,0,0
3034,14829,0,0
3035,19166,1,0
3036,15774,0,0
3037,19097,0,0
3038,16558,1,0
3039,17660,0,0
3040,14307,0,0
3041,19308,1,1
3042,20756,0,0
3043,17839,0,0
3044,21404,0,0
3045,15567,0,0
3046,16780,0,0
3047,16124,0,0
3048,13904,0,0
3049,14792,0,0
3050,18106,0,0
3051,14840,1,0
3052,12025,0,0
3053,16993,0,0
3054,20997,1,0
3055,8103,0,0
3056,16591,0,0
3057,16851,0,0
3058,16709,0,0
3059,7465,0,0
3060,15913,0,0
3061,19201,0,0
3062,19995,0,0
3063,12954,0,0
3064,18225,0,0
3065,17406,0,0
3066,7350,0,0
3067,21883,0,0
3068,20876,0,0
3069,11582,1,1
3070,2375,0,0
3071,1116,0,0
3072,18206,0,0
3073,20363,0,0
3074,19433,0,0
3075,7741,0,0
3076,1900,1,1
3077,13537,0,0
3078,3259,0,0
3079,70,1,1
3080,15650,0,0
3081,20727,1,0
3082,11101,0,0
3083,12038,1,0
3084,13669,0,0
3085,14463,0,0
3086,12557,0,0
3087,9823,0,0
3088,20449,0,0
3089,16793,0,0
3090,1866,0,0
3091,20241,0,0
3092,16220,0,0
3093,18073,0,0
3094,14484,0,0
3095,15892,0,0
3096,247,0,0
3097,20112,0,0
3098,19209,0,0
3099,3544,0,0
3100,10809,0,0
3101,17779,1,0
3102,4009,0,0
3103,2873,0,0
3104,9270,0,0
3105,15761,0,0
3106,10705,0,0
3107,17887,0,0
3108,13392,0,0
3109,17967,0,0
3110,18605,0,0
3111,18530,0,0
3112,3904,0,0
3113,18284,0,0
3114,15795,0,0
3115,21514,0,0
3116,15534,0,0
3117,21877,0,0
3118,14010,0,0
3119,3787,1,0
3120,14794,0,0
3121,18069,0,0
3122,556,0,0
3123,12240,0,0
3124,1313,0,0
3125,18499,0,0
3126,19764,0,0
3127,3145,0,0
3128,12727,0,0
3129,21132,1,0
3130,17906,0,0
3131,16582,1,0
3132,16719,0,0
3133,19154,0,0
3134,20477,0,0
3135,17052,0,0
3136,10637,1,0
3137,14411,1,0
3138,1950,0,0
3139,15951,0,0
3140,14691,0,0
3141,1047,0,0
3142,20517,0,0
3143,14506,0,0
3144,12824,0,0
3145,20271,0,0
3146,12218,1,0
3147,1615,0,0
3148,4079,0,0
3149,2689,0,0
3150,537,1,0
3151,14017,0,0
3152,18789,0,0
3153,10998,0,0
3154,10402,1,0
3155,15621,0,0
3156,10905,0,0
3157,11548,0,0
3158,1374,0,0
3159,13711,0,0
3160,5000,0,0
3161,3715,0,0
3162,347,0,0
3163,599,1,0
3164,12751,0,0
3165,21109,0,0
3166,14452,0,0
3167,17521,0,0
3168,20942,0,0
3169,612,0,0
3170,17110,0,0
3171,19956,0,0
3172,20945,0,0
3173,2452,0,0
3174,5320,1,0
3175,20173,0,0
3176,15772,1,0
3177,13227,1,1
3178,2365,1,0
3179,15182,1,0
3180,5054,0,0
3181,4418,0,0
3182,11559,0,0
3183,7645,0,0
3184,18842,0,0
3185,14126,0,0
3186,83,0,0
3187,18955,0,0
3188,11332,0,0
3189,10189,0,0
3190,19357,1,0
3191,1852,1,0
3192,21046,0,0
3193,7395,0,0
3194,18746,0,0
3195,15034,0,0
3196,16071,0,0
3197,19053,1,0
3198,8325,0,0
3199,18514,0,0
3200,18788,0,0
3201,3176,0,0
3202,4055,0,0
3203,17331,0,0
3204,18855,0,0
3205,17440,0,0
3206,110,0,0
3207,4225,1,0
3208,2246,0,0
3209,6750,1,0
3210,19787,0,0
3211,15,0,0
3212,17593,0,0
3213,6899,0,0
3214,13405,1,0
3215,12791,1,0
3216,10850,0,0
3217,12454,1,0
3218,16638,0,0
3219,4309,0,0
3220,18480,0,0
3221,2277,1,0
3222,19775,0,0
3223,15005,0,0
3224,16382,0,0
3225,15311,0,0
3226,4172,1,0
3227,15617,0,0
3228,1935,1,0
3229,543,0,0
3230,20401,1,0
3231,14620,0,0
3232,21405,0,0
3233,4807,0,0
3234,10690,0,0
3235,20706,1,0
3236,4994,0,0
3237,9942,0,0
3238,9944,0,0
3239,19875,0,0
3240,3201,0,0
3241,18699,0,0
3242,14553,0,0
3243,6335,0,0
3244,20835,0,0
3245,139,0,0
3246,19351,0,0
3247,16634,0,0
3248,19415,0,0
3249,15832,0,0
3250,15477,1,1
3251,3723,1,0
3252,5317,1,0
3253,18193,0,0
3254,16424,0,0
3255,19304,0,0
3256,19067,0,0
3257,14382,0,0
3258,3108,1,0
3259,17486,0,0
3260,17683,0,0
3261,15866,0,0
3262,4480,0,0
3263,17746,0,0
3264,4975,0,0
3265,16268,0,0
3266,16239,0,0
3267,14096,0,0
3268,2598,0,0
3269,15199,1,0
3270,18441,0,0
3271,18952,0,0
3272,9147,1,0
3273,14184,0,0
3274,19527,0,0
3275,4398,0,0
3276,15491,0,0
3277,19602,0,0
3278,2442,0,0
3279,13765,1,0
3280,10450,0,0
3281,9138,0,0
3282,20344,0,0
3283,19825,0,0
3284,13199,0,0
3285,5706,1,0
3286,17941,0,0
3287,16409,0,0
3288,18047,0,0
3289,16869,0,0
3290,15475,0,0
3291,19718,0,0
3292,15909,0,0
3293,11757,0,0
3294,8242,1,0
3295,8174,1,0
3296,2692,0,0
3297,17115,0,0
3298,17049,1,0
3299,16211,1,0
3300,344,0,0
3301,8289,0,0
3302,9181,0,0
3303,1924,0,0
3304,20652,0,0
3305,15319,0,0
3306,16120,0,0
3307,21517,0,0
3308,19654,0,0
3309,4829,0,0
3310,19246,1,0
3311,17667,0,0
3312,16693,0,0
3313,7523,0,0
3314,14196,0,0
3315,5036,0,0
3316,2829,0,0
3317,16303,0,0
3318,20632,0,0
3319,17780,0,0
3320,8026,0,0
3321,19893,0,0
3322,17051,0,0
3323,20507,0,0
3324,13101,0,0
3325,1833,0,0
3326,16137,0,0
3327,2073,0,0
3328,104,1,0
3329,21003,0,0
3330,15183,0,0
3331,12317,0,0
3332,21108,0,0
3333,17772,0,0
3334,21433,0,0
3335,15619,0,0
3336,21027,0,0
3337,490,1,1
3338,7519,1,1
3339,11421,0,0
3340,13352,0,0
3341,12611,0,0
3342,5123,1,0
3343,10341,0,0
3344,2716,1,0
3345,14663,0,0
3346,16826,0,0
3347,21465,0,0
3348,13700,0,0
3349,19627,0,0
3350,17050,0,0
3351,21935,0,0
3352,18143,0,0
3353,20264,0,0
3354,10137,0,0
3355,20924,0,0
3356,18940,0,0
3357,17322,0,0
3358,11505,0,0
3359,11060,0,0
3360,19202,0,0
3361,8175,1,0
3362,3795,0,0
3363,13565,0,0
3364,17075,1,0
3365,16,1,0
3366,20425,0,0
3367,12336,0,0
3368,16184,0,0
3369,1012,0,0
3370,20653,0,0
3371,12354,1,0
3372,3214,1,0
3373,10775,0,0
3374,21354,0,0
3375,10,0,0
3376,19419,0,0
3377,15504,0,0
3378,17485,0,0
3379,17364,0,0
3380,17697,1,0
3381,20734,0,0
3382,14167,1,0
3383,5919,0,0
3384,21301,0,0
3385,15678,1,0
3386,19248,0,0
3387,77,0,0
3388,21501,0,0
3389,2537,1,0
3390,20095,0,0
3391,17669,0,0
3392,18920,0,0
3393,11104,0,0
3394,17086,1,0
3395,21328,0,0
3396,14915,0,0
3397,17251,0,0
3398,12198,0,0
3399,11183,0,0
3400,13613,0,0
3401,21491,0,0
3402,17185,0,0
3403,2991,1,0
3404,15016,0,0
3405,19633,0,0
3406,16454,0,0
3407,1609,0,0
3408,21122,0,0
3409,17845,0,0
3410,4112,0,0
3411,10380,0,0
3412,2953,0,0
3413,16721,0,0
3414,19579,1,0
3415,21906,0,0
3416,4832,0,0
3417,20423,0,0
3418,10657,0,0
3419,13764,1,0
3420,98,1,0
3421,16130,0,0
3422,16452,1,0
3423,13834,0,0
3424,15694,0,0
3425,16469,0,0
3426,18282,0,0
3427,6043,0,0
3428,13721,0,0
3429,19179,0,0
3430,13288,0,0
3431,17474,0,0
3432,1044,0,0
3433,4516,0,0
3434,17641,0,0
3435,19762,0,0
3436,925,1,0
3437,15061,0,0
3438,216,1,0
3439,18119,0,0
3440,15040,0,0
3441,21250,0,0
3442,18230,0,0
3443,6559,1,0
3444,12710,0,0
3445,10918,0,0
3446,8886,1,0
3447,18914,0,0
3448,19009,0,0
3449,6914,0,0
3450,5866,0,0
3451,16839,0,0
3452,20221,0,0
3453,20427,0,0
3454,17509,0,0
3455,19312,1,0
3456,13626,0,0
3457,8968,1,0
3458,18372,0,0
3459,18933,0,0
3460,4038,1,0
3461,16550,1,0
3462,11956,0,0
3463,20476,0,0
3464,6910,0,0
3465,62,1,0
3466,10502,1,0
3467,17089,0,0
3468,1243,0,0
3469,305,0,0
3470,19528,0,0
3471,8412,0,0
3472,21032,0,0
3473,21062,0,0
3474,6471,0,0
3475,20544,1,0
3476,4008,1,0
3477,812,1,0
3478,260,0,0
3479,545,1,0
3480,21837,0,0
3481,9346,0,0
3482,132,0,0
3483,5730,0,0
3484,8877,1,0
3485,21673,0,0
3486,9816,0,0
3487,16997,0,0
3488,11633,0,0
3489,4887,0,0
3490,3441,0,0
3491,11162,1,0
3492,16499,0,0
3493,5321,0,1
3494,12650,0,0
3495,3290,1,0
3496,14610,0,0
3497,16358,0,0
3498,16189,0,0
3499,16482,0,0
3500,7960,0,0
3501,7632,0,0
3502,15273,0,0
3503,7093,0,0
3504,11455,1,0
3505,15623,0,0
3506,16388,0,0
3507,4053,1,0
3508,18346,1,0
3509,15728,0,0
3510,21272,0,0
3511,14980,0,0
3512,16860,1,1
3513,5834,0,0
3514,7014,0,0
3515,18761,0,0
3516,18306,0,0
3517,15160,1,0
3518,4189,1,0
3519,8334,0,0
3520,17604,0,0
3521,1337,1,0
3522,18412,0,0
3523,20949,1,0
3524,15806,0,0
3525,5893,0,0
3526,9647,0,1
3527,20820,0,0
3528,15791,0,0
3529,17482,0,0
3530,5075,0,0
3531,18262,0,0
3532,11278,1,0
3533,242,0,0
3534,15699,0,0
3535,16172,0,0
3536,18558,0,0
3537,16402,0,0
3538,18759,0,0
3539,3301,0,0
3540,20055,0,0
3541,16188,0,0
3542,9682,0,0
3543,11269,1,0
3544,7702,0,0
3545,18331,1,0
3546,19352,0,0
3547,19882,0,0
3548,535,0,0
3549,18548,0,0
3550,16725,0,0
3551,10793,1,0
3552,19393,0,0
3553,15225,0,0
3554,3838,1,0
3555,14649,0,0
3556,17264,0,0
3557,8200,0,0
3558,16743,0,0
3559,17680,0,0
3560,4597,0,0
3561,3231,0,0
3562,9207,0,0
3563,18800,0,0
3564,13913,0,0
3565,20606,1,0
3566,7931,0,0
3567,16636,0,0
3568,19159,0,0
3569,15544,0,0
3570,15053,0,0
3571,19542,1,0
3572,15402,0,0
3573,7774,0,0
3574,15740,0,0
3575,5618,0,0
3576,14511,0,0
3577,2281,0,0
3578,16626,0,0
